prov_name,kab_name,kec_name,link_sekolah_kita,link_referensi,nama,npsn,alamat,desa/kelurahan,kecamatan/kota_(ln),kab.-kota/negara_(ln),propinsi/luar_negeri_(ln),status_sekolah,bentuk_pendidikan,kementerian_pembina,naungan,npyp,no._sk._pendirian,tanggal_sk._pendirian,nomor_sk_operasional,tanggal_sk_operasional,file_sk_operasional,tanggal_upload_sk_op.,akreditasi,luas_tanah,akses_internet,akses_internet_2,sumber_listrik,fax,telepon,email,website,lintang,bujur,guru,siswa_laki_laki,siswa_perempuan,rombongan_belajar,penyelenggaraan,manajemen_berbasis_sekolah,semester_data,daya_listrik,ruang_kelas,laboratorium,perpustakaan,sanitasi_siswa,guru_pns,guru_gtt,guru_gty,guru_honor,guru_gol_i,guru_gol_ii,guru_gol_iii,guru_gol_iv,guru_sertifikasi,guru_belum_sertifikasi,guru_kurang_dari_s1,guru_s1_atau_lebih,guru_data_kosong,guru_kurang_dari_30_tahun,guru_31_35_tahun,guru_36_40,guru_41_45_tahun,guru_46_50_tahun,guru_51_55_tahun,guru_lebih_dari_55_tahun,guru_laki_laki,guru_perempuan,kurikulum,akses_internet_sekolah_kita,rombel_tingkat_1,rombel_tingkat_2,rombel_tingkat_3,rombel_tingkat_4,rombel_tingkat_5,rombel_tingkat_6,rombel_tingkat_7,rombel_tingkat_8,rombel_tingkat_9
Jawa Tengah,Kab. Pemalang,Bantarbolang,https://sekolah.data.kemdikbud.go.id/index.php/Chome/profil/4940BE49-C839-47DE-8C26-CE0A8BEF2E80,https://referensi.data.kemdikbud.go.id/pendidikan/npsn/60713391,MIN 1 PEMALANG,60713391,Desa Wanarata,WANARATA,KEC. BANTARBOLANG,KAB. PEMALANG,PROV. JAWA TENGAH,NEGERI,MI,Kementerian Agama,Pemerintah Daerah,,NOMOR 137 TAHUN 1991,11-07-1991,NOMOR 137 TAHUN 1991,11-07-1991,Lihat SK Operasional,2017-08-16 12,A,0,,2.,,,,,,-7.083700000000,109.395900000000,0,170,149,0,,,2022/2023-2,,0,0,0,0,0,0,0,0,0,0,0,0,0,0,0,0,0,0,0,0,0,0,0,0,,,,,,,,,,,,,
Jawa Tengah,Kab. Pemalang,Bantarbolang,https://sekolah.data.kemdikbud.go.id/index.php/Chome/profil/FEFE2C18-15FC-4734-BD6F-E5C72D1D5288,https://referensi.data.kemdikbud.go.id/pendidikan/npsn/60713397,MIS AL FUTUHIYYAH SUMURKIDANG,60713397,Desa Sumurkidang,SUMURKIDANG,KEC. BANTARBOLANG,KAB. PEMALANG,PROV. JAWA TENGAH,SWASTA,MI,Kementerian Agama,,,084/mi/69,01-03-1969,03/MI.AF/SK/II/2016,01-02-2016,Lihat SK Operasional,2016-02-29 11,B,0,,2.,,,,,,-7.055028000000,109.370736000000,0,108,100,0,,,2022/2023-2,,0,0,0,0,0,0,0,0,0,0,0,0,0,0,0,0,0,0,0,0,0,0,0,0,,,,,,,,,,,,,
Jawa Tengah,Kab. Pemalang,Bantarbolang,https://sekolah.data.kemdikbud.go.id/index.php/Chome/profil/FBAE17FD-9C37-4152-9769-A5D9AC445184,https://referensi.data.kemdikbud.go.id/pendidikan/npsn/60713395,MIS AL MUNAWARAH KARANGANYAR,60713395,Karanganyar Rt. 01 Rw. 03,KARANGANYAR,KEC. BANTARBOLANG,KAB. PEMALANG,PROV. JAWA TENGAH,SWASTA,MI,Kementerian Agama,,,Wk/5.6/M.I/Pgm/0013/1988,18-01-1988,Wk/5.6/M.I/Pgm/0013/1988,18-01-1988,Lihat SK Operasional,2016-12-09 09,B,0,,2.,,,,,,-7.036678000000,109.421000000000,0,68,62,0,,,2022/2023-2,,0,0,0,0,0,0,0,0,0,0,0,0,0,0,0,0,0,0,0,0,0,0,0,0,,,,,,,,,,,,,
Jawa Tengah,Kab. Pemalang,Bantarbolang,https://sekolah.data.kemdikbud.go.id/index.php/Chome/profil/F35D7EEE-825E-404D-8F14-67473B92C7C4,https://referensi.data.kemdikbud.go.id/pendidikan/npsn/69856240,MIS AL MUNAWAROH KALIRUYUNG,69856240,Dukuh Kaliruyung RT.01/RW.02,BANTARBOLANG,KEC. BANTARBOLANG,KAB. PEMALANG,PROV. JAWA TENGAH,SWASTA,MI,Kementerian Agama,Lainnya,,-Kd.11.27/4/PP.00.4/3008.a /2013,06-09-2014,Kd.11.27/4/PP.00.4/3008.a /2013,06-09-2014,Lihat SK Operasional,2017-10-12 15,C,0,,2.,,,,,,-7.069655000000,109.421266000000,0,67,58,0,,,2022/2023-2,,0,0,0,0,0,0,0,0,0,0,0,0,0,0,0,0,0,0,0,0,0,0,0,0,,,,,,,,,,,,,
Jawa Tengah,Kab. Pemalang,Bantarbolang,https://sekolah.data.kemdikbud.go.id/index.php/Chome/profil/E835A94E-BBD1-4329-B517-5EE7AF3D88A6,https://referensi.data.kemdikbud.go.id/pendidikan/npsn/69854221,MIS ALI AL FUADIYAH PURANA,69854221,Purana RT 17 / RW 05,PURANA,KEC. BANTARBOLANG,KAB. PEMALANG,PROV. JAWA TENGAH,SWASTA,MI,Kementerian Agama,Lainnya,,Kd.11.27/4/PP.00.4/3016.a/2013,25-11-2013,Kd.11.27/4/PP.03.2/3016/2013,25-11-2013,Lihat SK Operasional,2016-10-24 08,B,0,,2.,,,,,,-7.085800000000,109.407000000000,0,34,36,0,,,2022/2023-2,,0,0,0,0,0,0,0,0,0,0,0,0,0,0,0,0,0,0,0,0,0,0,0,0,,,,,,,,,,,,,
Jawa Tengah,Kab. Pemalang,Bantarbolang,https://sekolah.data.kemdikbud.go.id/index.php/Chome/profil/CA62A1CE-23C5-48BE-BE27-4B0C8CC3ABB6,https://referensi.data.kemdikbud.go.id/pendidikan/npsn/69956221,MIS NAILUL ULUM SAMBENG,69956221,Rt 07 Rw 03 Sambeng Desa Sambeng,SAMBENG,KEC. BANTARBOLANG,KAB. PEMALANG,PROV. JAWA TENGAH,SWASTA,MI,Kementerian Agama,Lainnya,,KW/MI/55/2016,01-07-2016,2080 TAHUN 2016,01-07-2016,Lihat SK Operasional,2017-10-12 13,C,0,,2.,,,,,,-7.052000000000,109.350200000000,0,56,43,0,,,2022/2023-2,,0,0,0,0,0,0,0,0,0,0,0,0,0,0,0,0,0,0,0,0,0,0,0,0,,,,,,,,,,,,,
Jawa Tengah,Kab. Pemalang,Bantarbolang,https://sekolah.data.kemdikbud.go.id/index.php/Chome/profil/0AB80336-678D-4669-AB2C-77FB0C25171F,https://referensi.data.kemdikbud.go.id/pendidikan/npsn/60713394,MIS NURUL HUDA KARANGANYAR,60713394,Dukuh Blendung Rt 02 Rw 02,KARANGANYAR,KEC. BANTARBOLANG,KAB. PEMALANG,PROV. JAWA TENGAH,SWASTA,MI,Kementerian Agama,,,Wk/5c/4097/Pgm/MI/1984,28-02-1984,Wk/5c/4097/Pgm/MI/1984,28-02-1984,Lihat SK Operasional,2017-08-16 11,B,0,,2.,,,,,,-7.049975000000,109.440148000000,0,52,50,0,,,2022/2023-2,,0,0,0,0,0,0,0,0,0,0,0,0,0,0,0,0,0,0,0,0,0,0,0,0,,,,,,,,,,,,,
Jawa Tengah,Kab. Pemalang,Bantarbolang,https://sekolah.data.kemdikbud.go.id/index.php/Chome/profil/F52DA2B3-74E1-4D95-B70C-FE81AD3E7547,https://referensi.data.kemdikbud.go.id/pendidikan/npsn/60713392,MIS NURUL SALAM WANARATA,60713392,Jl. Sutomo Timur Wanarata,WANARATA,KEC. BANTARBOLANG,KAB. PEMALANG,PROV. JAWA TENGAH,SWASTA,MI,Kementerian Agama,,,Wk/5-6/M.I/Pgm/0011/1988,18-01-1988,Wk/5-6/M.I/Pgm/0011/1988,18-01-1988,Lihat SK Operasional,2017-01-12 08,B,0,,2.,,,,,,-7.090400000000,109.404800000000,0,61,63,0,,,2022/2023-2,,0,0,0,0,0,0,0,0,0,0,0,0,0,0,0,0,0,0,0,0,0,0,0,0,,,,,,,,,,,,,
Jawa Tengah,Kab. Pemalang,Bantarbolang,https://sekolah.data.kemdikbud.go.id/index.php/Chome/profil/05FEF132-F30C-445B-9189-7240F29DA4D4,https://referensi.data.kemdikbud.go.id/pendidikan/npsn/60713393,MIS NURUL ULUM PEGIRINGAN,60713393,Jl. Jati Growong No.286,PEGIRINGAN,KEC. BANTARBOLANG,KAB. PEMALANG,PROV. JAWA TENGAH,SWASTA,MI,Kementerian Agama,,,No. Wk/5C/4096/Pgm/MI/1984,28-02-1984,No. Wk/5C/4096/Pgm/MI/1984,28-02-1984,Lihat SK Operasional,2017-08-15 13,A,0,,2.,,,,,,-7.069500000000,109.373900000000,0,102,86,0,,,2022/2023-2,,0,0,0,0,0,0,0,0,0,0,0,0,0,0,0,0,0,0,0,0,0,0,0,0,,,,,,,,,,,,,
Jawa Tengah,Kab. Pemalang,Bantarbolang,https://sekolah.data.kemdikbud.go.id/index.php/Chome/profil/89589B43-8888-4245-A525-9E0D5490FB34,https://referensi.data.kemdikbud.go.id/pendidikan/npsn/60713396,MIS RIYADLUL ULUM BANTARBOLANG,60713396,Jl. Dahlia Rt.10 Rw.06 Dukuh Lumpang,BANTARBOLANG,KEC. BANTARBOLANG,KAB. PEMALANG,PROV. JAWA TENGAH,SWASTA,MI,Kementerian Agama,,,Kd.11.27/4/PP.00.4/2388/2011,05-09-2011,Kd.11.27/4/PP.00.4/2388/2011,05-09-2011,Lihat SK Operasional,2017-08-16 13,B,0,,2.,,,,,,-7.043400000000,109.369900000000,0,54,49,0,,,2022/2023-2,,0,0,0,0,0,0,0,0,0,0,0,0,0,0,0,0,0,0,0,0,0,0,0,0,,,,,,,,,,,,,
Jawa Tengah,Kab. Pemalang,Bantarbolang,https://sekolah.data.kemdikbud.go.id/index.php/Chome/profil/5BA5CE84-6685-423A-94D6-017F58B4A2F1,https://referensi.data.kemdikbud.go.id/pendidikan/npsn/20364608,MTSS NURUL SALAM WANARATA,20364608,Jl. Merdeka Selatan No. 02,WANARATA,KEC. BANTARBOLANG,KAB. PEMALANG,PROV. JAWA TENGAH,SWASTA,MTs,Kementerian Agama,,,Wk/5.c/26/Pgm/Ts/1988,19-01-1988,Wk/5.c/26/Pgm/Ts/1988,19-01-1988,Lihat SK Operasional,2017-01-12 08,B,0,,2.,,,,,,-7.084100000000,109.394300000000,0,51,42,0,,,2022/2023-2,,0,0,0,0,0,0,0,0,0,0,0,0,0,0,0,0,0,0,0,0,0,0,0,0,,,,,,,,,,,,,
Jawa Tengah,Kab. Pemalang,Bantarbolang,https://sekolah.data.kemdikbud.go.id/index.php/Chome/profil/2D7A3FBA-8516-4EA6-9687-43A58004D736,https://referensi.data.kemdikbud.go.id/pendidikan/npsn/20364607,MTSS NURUL ULUM PEGIRINGAN,20364607,Jl. Jati Growong No. 285,PEGIRINGAN,KEC. BANTARBOLANG,KAB. PEMALANG,PROV. JAWA TENGAH,SWASTA,MTs,Kementerian Agama,,,Wk/5.c/606/Pgm/Ts/1983,16-08-1983,Wk/5.c/606/Pgm/Ts/1983,16-08-1983,Lihat SK Operasional,2017-08-16 10,B,"1,220",,2.,,,,,,-7.064868000000,109.392544000000,0,17,14,0,,,2022/2023-2,,0,0,0,0,0,0,0,0,0,0,0,0,0,0,0,0,0,0,0,0,0,0,0,0,,,,,,,,,,,,,
Jawa Tengah,Kab. Pemalang,Bantarbolang,https://sekolah.data.kemdikbud.go.id/index.php/Chome/profil/45D95BBE-5A41-4296-9AA7-CBAFC6E34D88,https://referensi.data.kemdikbud.go.id/pendidikan/npsn/20324680,MTSS NURUL ULUM SEMILIRAN,20324680,JL. Cempaka Dk. Semiliran,BANTARBOLANG,KEC. BANTARBOLANG,KAB. PEMALANG,PROV. JAWA TENGAH,SWASTA,MTs,Kementerian Agama,,,Wk/5.c/PP.03.2/254/2001,01-02-2001,Mk.16/5.d/PP.00.5/39/2001,15-01-2001,Lihat SK Operasional,2016-08-19 07,B,0,,2.,,,,,,-7.029600000000,109.387900000000,0,92,69,0,,,2022/2023-2,,0,0,0,0,0,0,0,0,0,0,0,0,0,0,0,0,0,0,0,0,0,0,0,0,,,,,,,,,,,,,
Jawa Tengah,Kab. Pemalang,Bantarbolang,https://sekolah.data.kemdikbud.go.id/index.php/Chome/profil/A04A5F58-2DF5-E011-95FD-A5CB3CBF150A,https://referensi.data.kemdikbud.go.id/pendidikan/npsn/20324468,SD N 01 KEBON GEDE,20324468,Jl. Cagar Alam No. 51,KEBON GEDE,KEC. BANTARBOLANG,KAB. PEMALANG,PROV. JAWA TENGAH,NEGERI,SD,"Kementerian Pendidikan, Kebudayaan, Riset, dan Teknologi",Pemerintah Daerah,,421.2/022/19/46/62,01-07-1962,421.2/023/19/46/62,01-07-1962,Silakan Upload SK,,A,628,1. Smartfren,2. Lainnya (Kabel),PLN,,,sdn_01_kebon_gede@yahoo.com,http,-7.008500000000,109.396400000000,7,123,98,6,Pagi/6 hari,,2022/2023-2,900,6,0,1,2,6,0,0,1,4,1,1,1,6,1,0,7,0,1,2,1,0,0,0,3,4,3,SD 2013,Smartfren,1,1,1,1,1,1,,,
Jawa Tengah,Kab. Pemalang,Bantarbolang,https://sekolah.data.kemdikbud.go.id/index.php/Chome/profil/F0976058-2DF5-E011-BB5C-8BD40270DB49,https://referensi.data.kemdikbud.go.id/pendidikan/npsn/20324747,SD N 02 KEBON GEDE,20324747,Jalan Manunggal No.180 Dukuh Petahunan,KEBON GEDE,KEC. BANTARBOLANG,KAB. PEMALANG,PROV. JAWA TENGAH,NEGERI,SD,"Kementerian Pendidikan, Kebudayaan, Riset, dan Teknologi",Pemerintah Pusat,,010533,04-01-1977,421.2/022/20/46/85,01-08-1985,Lihat SK Operasional,2020-03-16 07,B,"1,848",1. Lainnya (Serat Optik),2. Lainnya (Serat Optik),PLN,,,sdnduakebongede@yahoo.com,,-7.015300000000,109.405500000000,10,92,79,7,Pagi/6 hari,,2022/2023-2,900,6,0,1,2,7,3,0,0,5,0,3,2,7,3,0,9,1,0,2,2,0,1,3,2,3,7,SD 2013,Lainnya (Serat Optik),1,1,1,1,1,2,,,
Jawa Tengah,Kab. Pemalang,Bantarbolang,https://sekolah.data.kemdikbud.go.id/index.php/Chome/profil/A0306058-2DF5-E011-BF45-3BB284C0BF47,https://referensi.data.kemdikbud.go.id/pendidikan/npsn/20324733,SD N 02 PEDAGUNG,20324733,Jalan Gumanti Desa Pedagung,PEDAGUNG,KEC. BANTARBOLANG,KAB. PEMALANG,PROV. JAWA TENGAH,NEGERI,SD,"Kementerian Pendidikan, Kebudayaan, Riset, dan Teknologi",Pemerintah Daerah,,421.2/SKPS/I/85,08-01-1985,421.2/SKIOS/I/85,01-08-1985,Silakan Upload SK,,B,0,1. Lainnya (Wavelan),2. Smartfren,PLN,,,sdn02pedagung.mbolang@gmail.com,,-7.087900000000,109.440900000000,6,54,55,6,Pagi/6 hari,,2022/2023-2,900,5,0,0,0,3,0,0,3,4,0,1,1,3,3,0,2,4,1,3,0,1,0,0,1,3,3,SD 2013,Lainnya (Wavelan),1,1,1,1,1,1,,,
Jawa Tengah,Kab. Pemalang,Bantarbolang,https://sekolah.data.kemdikbud.go.id/index.php/Chome/profil/50EC5F58-2DF5-E011-B11F-E3D010D41D84,https://referensi.data.kemdikbud.go.id/pendidikan/npsn/20324784,SD N 02 SURU,20324784,Jalan Sutomo Timur wanarata,WANARATA,KEC. BANTARBOLANG,KAB. PEMALANG,PROV. JAWA TENGAH,NEGERI,SD,"Kementerian Pendidikan, Kebudayaan, Riset, dan Teknologi",Pemerintah Pusat,,,01-08-1985,421.2/022./38/46/85,01-08-1985,Silakan Upload SK,,B,0,1. Telkomsel Flash,2. Telkom Speedy,PLN,,,sekolahdasarnegeri02suru@gmail.com,,-7.092000000000,109.414500000000,9,94,110,7,Double Shift/6 hari,,2022/2023-2,0,7,0,0,3,6,3,0,0,5,1,1,2,6,3,0,7,2,0,2,2,2,0,1,2,4,5,SD 2013,Telkomsel Flash,2,1,1,1,1,1,,,
Jawa Tengah,Kab. Pemalang,Bantarbolang,https://sekolah.data.kemdikbud.go.id/index.php/Chome/profil/B0E35E58-2DF5-E011-8896-5379C4920E5B,https://referensi.data.kemdikbud.go.id/pendidikan/npsn/20323965,SD N 04 BANTARBOLANG,20323965,Jalan Kenanga No. 208 Bantarbolang,BANTARBOLANG,KEC. BANTARBOLANG,KAB. PEMALANG,PROV. JAWA TENGAH,NEGERI,SD,"Kementerian Pendidikan, Kebudayaan, Riset, dan Teknologi",Pemerintah Daerah,,421.2/SKPS/VI/62,01-01-1962,421.2/022/04/46/85,01-08-1985,Silakan Upload SK,,B,"1,300",1. -,2. Telkom Speedy,PLN,,,sdn04bantarbolang@gmail.com,,-7.040000000000,109.367400000000,8,63,84,6,Pagi/6 hari,,2022/2023-2,899,6,0,1,2,6,1,0,1,2,2,3,1,7,1,0,6,2,1,1,3,1,0,1,1,3,5,SD 2013,Tidak Ada,1,1,1,1,1,1,,,
Jawa Tengah,Kab. Pemalang,Bantarbolang,https://sekolah.data.kemdikbud.go.id/index.php/Chome/profil/005D6058-2DF5-E011-9807-ED744867CEF3,https://referensi.data.kemdikbud.go.id/pendidikan/npsn/20323983,SD N 05 BANTARBOLANG,20323983,Jalan Raya Bantarbolang,BANTARBOLANG,KEC. BANTARBOLANG,KAB. PEMALANG,PROV. JAWA TENGAH,NEGERI,SD,"Kementerian Pendidikan, Kebudayaan, Riset, dan Teknologi",Pemerintah Pusat,,421.2/029/19/40/1974,01-10-1974,421.2/SKO/22/I/1974,01-08-1985,Silakan Upload SK,,B,517,1. XL (GSM),2. Telkom Speedy,PLN,,,bantarbolangsd5@gmail.com,http,-7.029400000000,109.385700000000,10,45,37,6,Pagi/6 hari,,2022/2023-2,900,6,0,0,1,5,3,0,2,6,0,4,0,5,5,0,7,3,1,2,5,1,0,1,0,3,7,SD 2013,XL (GSM),1,1,1,1,1,1,,,
Jawa Tengah,Kab. Pemalang,Bantarbolang,https://sekolah.data.kemdikbud.go.id/index.php/Chome/profil/60F25E58-2DF5-E011-9747-ADD031027EFE,https://referensi.data.kemdikbud.go.id/pendidikan/npsn/20324399,SD N SAMBENG,20324399,Jalan Desa Sambeng,SAMBENG,KEC. BANTARBOLANG,KAB. PEMALANG,PROV. JAWA TENGAH,NEGERI,SD,"Kementerian Pendidikan, Kebudayaan, Riset, dan Teknologi",Pemerintah Pusat,,421.2/022/09/46/85,01-01-1963,421.2/022/09/46/85,01-08-1985,Silakan Upload SK,,B,"1,386",1. -,2. Telkom Astinet,PLN,,,sdnegerisambeng00@gmail.com,,-7.033100000000,109.422100000000,7,87,72,6,Pagi/6 hari,,2022/2023-2,900,4,0,1,0,5,0,0,2,2,0,3,2,6,1,0,4,3,0,1,1,2,0,1,2,4,3,SD 2013,Tidak Ada,1,1,1,1,1,1,,,
Jawa Tengah,Kab. Pemalang,Bantarbolang,https://sekolah.data.kemdikbud.go.id/index.php/Chome/profil/20855F58-2DF5-E011-A347-EBAFF362E490,https://referensi.data.kemdikbud.go.id/pendidikan/npsn/20324668,SD NEGERI 01 BANJARSARI,20324668,Jalan Sutomo Timur RT 03 RW 01 Banjarsari,BANJARSARI,KEC. BANTARBOLANG,KAB. PEMALANG,PROV. JAWA TENGAH,NEGERI,SD,"Kementerian Pendidikan, Kebudayaan, Riset, dan Teknologi",Pemerintah Daerah,,421.2/022/26/46/85,04-01-1958,421.2/022/26/46/85,01-08-1985,Silakan Upload SK (link file tidak valid) => [595157-91763--],2022-02-24 22,B,0,1. -,2. Telkom Speedy,PLN,,,sdn.bjs1@gmail.com,,-7.074600000000,109.388700000000,7,62,57,6,Pagi/6 hari,,2022/2023-2,875,6,0,0,2,4,2,0,1,4,0,3,0,4,3,0,6,1,2,1,2,0,1,0,1,2,5,SD 2013,Tidak Ada,1,1,1,1,1,1,,,
Jawa Tengah,Kab. Pemalang,Bantarbolang,https://sekolah.data.kemdikbud.go.id/index.php/Chome/profil/B0B65E58-2DF5-E011-AE1C-E7C8F8FFAE12,https://referensi.data.kemdikbud.go.id/pendidikan/npsn/20324667,SD NEGERI 01 BANTARBOLANG,20324667,Jl Raya Bantarbolang,BANTARBOLANG,KEC. BANTARBOLANG,KAB. PEMALANG,PROV. JAWA TENGAH,NEGERI,SD,"Kementerian Pendidikan, Kebudayaan, Riset, dan Teknologi",Pemerintah Daerah,,421.2/SK-PS/1985,01-08-1985,421.2/SK-IO/1985,01-08-1985,Silakan Upload SK,,B,900,1. Smartfren,2. Telkom Speedy,PLN,,,sdnsatoebantarbolang@yahoo.co.id,,-7.034100000000,109.378100000000,8,91,75,6,Pagi/6 hari,,2022/2023-2,899,6,0,0,2,5,2,0,1,4,0,3,1,6,2,0,6,2,2,1,1,1,0,2,1,3,5,SD 2013,Smartfren,1,1,1,1,1,1,,,
Jawa Tengah,Kab. Pemalang,Bantarbolang,https://sekolah.data.kemdikbud.go.id/index.php/Chome/profil/60015F58-2DF5-E011-A416-3F2ADC68AB0A,https://referensi.data.kemdikbud.go.id/pendidikan/npsn/20324497,SD NEGERI 01 GLANDANG,20324497,Jalan Ahmad Yani no 74,GLANDANG,KEC. BANTARBOLANG,KAB. PEMALANG,PROV. JAWA TENGAH,NEGERI,SD,"Kementerian Pendidikan, Kebudayaan, Riset, dan Teknologi",Pemerintah Pusat,,421.2/022/46/85,01-08-1985,421.2/022/10/46/85,01-08-1985,Silakan Upload SK,,A,774,1. Lainnya,2. Lainnya (Kabel),PLN,,,sdnsatu.glandang@yahoo.com,,-7.034400000000,109.368100000000,9,82,73,6,Pagi/6 hari,,2022/2023-2,900,5,0,0,2,6,3,0,0,5,1,2,1,4,5,0,8,1,0,2,3,1,1,0,2,6,3,SD 2013,Lainnya,1,1,1,1,1,1,,,
Jawa Tengah,Kab. Pemalang,Bantarbolang,https://sekolah.data.kemdikbud.go.id/index.php/Chome/profil/50C05F58-2DF5-E011-9932-FB8F27C6D85D,https://referensi.data.kemdikbud.go.id/pendidikan/npsn/20324459,SD NEGERI 01 KARANGANYAR,20324459,Jalan Karangsuru RT 01 RW 04 Desa Karanganyar,KARANGANYAR,KEC. BANTARBOLANG,KAB. PEMALANG,PROV. JAWA TENGAH,NEGERI,SD,"Kementerian Pendidikan, Kebudayaan, Riset, dan Teknologi",Pemerintah Pusat,,6/9/11,14-03-1953,6422/222/IV/2012,01-01-1910,Lihat SK Operasional,2022-07-28 12,B,"1,286",1. Telkom Speedy,2. Telkomsel Flash,PLN,0,0,sdnsatukaranganyarbantarbolang@yahoo.com,,-7.047500000000,109.401500000000,5,56,67,6,Pagi/6 hari,,2022/2023-2,450,6,0,1,2,4,0,0,1,1,0,2,2,5,0,0,4,1,0,1,0,1,0,1,2,1,4,SD 2013,Telkom Speedy,1,1,1,1,1,1,,,
Jawa Tengah,Kab. Pemalang,Bantarbolang,https://sekolah.data.kemdikbud.go.id/index.php/Chome/profil/E0A0DA4F-B133-E211-80C1-8388166B105A,https://referensi.data.kemdikbud.go.id/pendidikan/npsn/20324547,SD NEGERI 01 KUTA BANTARBOLANG,20324547,JALAN SUWANDI NO. 1,KUTA,KEC. BANTARBOLANG,KAB. PEMALANG,PROV. JAWA TENGAH,NEGERI,SD,"Kementerian Pendidikan, Kebudayaan, Riset, dan Teknologi",Pemerintah Daerah,,421.2/022/12,01-08-1962,421.2/022/13/46/85,01-08-1985,Silakan Upload SK,,B,0,1. Smartfren,2. Lainnya,PLN,,,sdnegerikuta1@gmail.com,,-7.012900000000,109.376500000000,9,56,56,6,Pagi/6 hari,,2022/2023-2,900,6,0,1,2,2,5,0,2,7,0,2,0,3,6,0,7,2,0,2,2,3,1,1,0,5,4,SD 2013,Smartfren,1,1,1,1,1,1,,,
Jawa Tengah,Kab. Pemalang,Bantarbolang,https://sekolah.data.kemdikbud.go.id/index.php/Chome/profil/20186058-2DF5-E011-91BA-C76FE0437CD8,https://referensi.data.kemdikbud.go.id/pendidikan/npsn/20324515,SD NEGERI 01 PEDAGUNG,20324515,"Jalan Raya Pedagung, Desa Pedagung, RT 06 RW 02.",PEDAGUNG,KEC. BANTARBOLANG,KAB. PEMALANG,PROV. JAWA TENGAH,NEGERI,SD,"Kementerian Pendidikan, Kebudayaan, Riset, dan Teknologi",Pemerintah Pusat,,5416/1431953,14-03-1953,421.2/022/41/46/85,01-08-1985,Silakan Upload SK (link file tidak valid) => [808236-873900--],2023-03-27 11,B,"1,125",1. Telkomsel Flash,2. Linknet,PLN,0,,sdn01pedagung@gmail.com,http,-7.060500000000,109.435100000000,8,89,83,6,Pagi/6 hari,,2022/2023-2,"1,200",12,0,2,2,4,1,0,3,4,0,3,1,4,4,0,8,0,0,2,3,2,0,0,1,3,5,SD 2013,Telkomsel Flash,1,1,1,1,1,1,,,
Jawa Tengah,Kab. Pemalang,Bantarbolang,https://sekolah.data.kemdikbud.go.id/index.php/Chome/profil/C0A25F58-2DF5-E011-9748-F7371E96BB08,https://referensi.data.kemdikbud.go.id/pendidikan/npsn/20324513,SD NEGERI 01 PEGIRINGAN,20324513,Jalan Raya Pegiringan KM 23,PEGIRINGAN,KEC. BANTARBOLANG,KAB. PEMALANG,PROV. JAWA TENGAH,NEGERI,SD,"Kementerian Pendidikan, Kebudayaan, Riset, dan Teknologi",Pemerintah Daerah,,421.2/022/30/46/85,01-08-1985,421.2/022/30/46/85,01-08-1985,Silakan Upload SK,,B,"8,910",1. Telkom Speedy,2. Telkom Speedy,PLN,,3287011,sdnsatupegiringan@gmail.com,,-7.056700000000,109.383100000000,7,80,69,6,Pagi/6 hari,,2022/2023-2,900,7,0,0,1,6,1,0,0,3,0,2,2,5,2,0,5,2,0,2,1,0,1,1,2,2,5,SD 2013,Telkom Speedy,1,1,1,1,1,1,,,
Jawa Tengah,Kab. Pemalang,Bantarbolang,https://sekolah.data.kemdikbud.go.id/index.php/Chome/profil/D03B5F58-2DF5-E011-ADD7-D92AB094706D,https://referensi.data.kemdikbud.go.id/pendidikan/npsn/20324510,SD NEGERI 01 PEGUYANGAN,20324510,Jalan Sengkuyung No.32,PAGUYANGAN,KEC. BANTARBOLANG,KAB. PEMALANG,PROV. JAWA TENGAH,NEGERI,SD,"Kementerian Pendidikan, Kebudayaan, Riset, dan Teknologi",Pemerintah Daerah,,421.2/022/17/46/85,02-05-1921,,01-08-1985,Lihat SK Operasional,2023-03-24 08,A,"1,843",1. Smartfren,2. Lainnya (Satelit),PLN,,,sdnpeguyangan01@gmail.com,,-6.993800000000,109.426600000000,6,115,115,7,Sehari Penuh/6 hari,,2022/2023-2,900,9,0,1,4,3,0,0,3,3,1,2,0,4,2,0,6,0,2,1,0,0,2,1,0,2,4,SD 2013,Smartfren,1,1,1,1,1,2,,,
Jawa Tengah,Kab. Pemalang,Bantarbolang,https://sekolah.data.kemdikbud.go.id/index.php/Chome/profil/30945F58-2DF5-E011-99C4-A532B14CB659,https://referensi.data.kemdikbud.go.id/pendidikan/npsn/20324901,SD NEGERI 01 SUMURKIDANG,20324901,Jl.Karangjati No.01 SumurKidang,SUMURKIDANG,KEC. BANTARBOLANG,KAB. PEMALANG,PROV. JAWA TENGAH,NEGERI,SD,"Kementerian Pendidikan, Kebudayaan, Riset, dan Teknologi",Pemerintah Daerah,,421.2/022/08/46/62,01-08-1985,421.2/022/09/46/85,01-08-1985,Silakan Upload SK,,B,"1,367",1. -,2. Lainnya (Serat Optik),PLN,,,sdnsumurkidang01@gmail.com,,-7.074400000000,109.378200000000,7,27,27,6,Pagi/6 hari,,2022/2023-2,450,6,0,0,0,4,1,0,2,6,1,0,0,5,2,0,5,2,0,2,2,2,1,0,0,3,4,SD 2013,Tidak Ada,1,1,1,1,1,1,,,
Jawa Tengah,Kab. Pemalang,Bantarbolang,https://sekolah.data.kemdikbud.go.id/index.php/Chome/profil/E0DD5F58-2DF5-E011-8E9B-915E3F1D58AD,https://referensi.data.kemdikbud.go.id/pendidikan/npsn/20324898,SD NEGERI 01 SURU,20324898,Jalan Karangsuru No 1 Desa Suru,SURU,KEC. BANTARBOLANG,KAB. PEMALANG,PROV. JAWA TENGAH,NEGERI,SD,"Kementerian Pendidikan, Kebudayaan, Riset, dan Teknologi",Pemerintah Daerah,,421.2/022/21/46/85,01-08-1985,421.2/022/21/46/85,01-08-1985,Silakan Upload SK,,B,"1,400",1. XL (GSM),2. Lainnya (Kabel),PLN,,,sdsuru1@gmail.com,,-7.080800000000,109.427400000000,8,78,92,6,Pagi/6 hari,,2022/2023-2,900,6,0,1,2,4,1,0,3,4,0,3,1,5,3,0,6,2,1,2,2,2,0,0,1,4,4,SD 2013,XL (GSM),1,1,1,1,1,1,,,
Jawa Tengah,Kab. Pemalang,Bantarbolang,https://sekolah.data.kemdikbud.go.id/index.php/Chome/profil/30595F58-2DF5-E011-86C1-8903FBA33449,https://referensi.data.kemdikbud.go.id/pendidikan/npsn/20324847,SD NEGERI 01 WANARATA,20324847,Jalan Sutomo Desa Wanarata,WANARATA,KEC. BANTARBOLANG,KAB. PEMALANG,PROV. JAWA TENGAH,NEGERI,SD,"Kementerian Pendidikan, Kebudayaan, Riset, dan Teknologi",Pemerintah Daerah,,1234,08-01-1921,,01-08-1985,Silakan Upload SK (link file tidak valid) => [772533-401921--],2023-02-08 09,B,"1,149",1. -,2. Telkom Speedy,PLN,,,sdnwanarata01@gmail.com,,-7.102700000000,109.401500000000,9,66,55,6,Pagi/6 hari,,2022/2023-2,450,6,0,1,2,5,3,0,1,6,0,3,0,6,3,0,7,2,1,2,3,1,1,0,1,2,7,SD 2013,Tidak Ada,1,1,1,1,1,1,,,
Jawa Tengah,Kab. Pemalang,Bantarbolang,https://sekolah.data.kemdikbud.go.id/index.php/Chome/profil/703A6158-2DF5-E011-B517-35B5A723984A,https://referensi.data.kemdikbud.go.id/pendidikan/npsn/20324952,SD NEGERI 02 BANJARSARI,20324952,Jalan H Hasyim No 38 Desa Banjarsari,BANJARSARI,KEC. BANTARBOLANG,KAB. PEMALANG,PROV. JAWA TENGAH,NEGERI,SD,"Kementerian Pendidikan, Kebudayaan, Riset, dan Teknologi",Pemerintah Pusat,,503/1780,18-08-1983,421.2/022/27/46/85,01-08-1985,Silakan Upload SK,,B,"2,226",1. Lainnya,2. Telkom Speedy,PLN,,,sdn02banjarsarimbolang@gmail.com,,-7.066000000000,109.388500000000,9,36,43,6,Pagi/6 hari,,2022/2023-2,900,2,0,0,2,6,2,0,1,5,0,4,0,9,0,0,6,3,0,2,3,1,1,1,1,2,7,SD 2013,Lainnya,1,1,1,1,1,1,,,
Jawa Tengah,Kab. Pemalang,Bantarbolang,https://sekolah.data.kemdikbud.go.id/index.php/Chome/profil/40C55E58-2DF5-E011-ABBB-2B6EDEBCA6AC,https://referensi.data.kemdikbud.go.id/pendidikan/npsn/20324953,SD NEGERI 02 BANTARBOLANG,20324953,Jalan Raya Bantarbolang No 177,BANTARBOLANG,KEC. BANTARBOLANG,KAB. PEMALANG,PROV. JAWA TENGAH,NEGERI,SD,"Kementerian Pendidikan, Kebudayaan, Riset, dan Teknologi",Pemerintah Daerah,,01/01/1957,01-03-1957,421.2/SKIOP/1972,01-08-1985,Silakan Upload SK,,B,"2,349",1. Telkomsel Flash,2. Telkom Speedy,PLN,,,sdn2bantarbolang@gmail.com,,-7.027400000000,109.390800000000,10,94,92,6,Siang/6 hari,,2022/2023-2,"1,300",6,0,1,1,4,3,0,3,6,0,3,1,5,5,1,6,3,2,1,2,0,2,2,1,3,7,SD 2013,Telkomsel Flash,1,1,1,1,1,1,,,
Jawa Tengah,Kab. Pemalang,Bantarbolang,https://sekolah.data.kemdikbud.go.id/index.php/Chome/profil/407A6058-2DF5-E011-AAB7-9BBCAEAB3E13,https://referensi.data.kemdikbud.go.id/pendidikan/npsn/20324919,SD NEGERI 02 GLANDANG,20324919,Jalan Ahmad Yani Desa Glandang,GLANDANG,KEC. BANTARBOLANG,KAB. PEMALANG,PROV. JAWA TENGAH,NEGERI,SD,"Kementerian Pendidikan, Kebudayaan, Riset, dan Teknologi",Pemerintah Daerah,,,01-01-1977,,01-01-1910,Silakan Upload SK (link file tidak valid) => [724961-227228--],2022-10-21 07,B,"1,200",1. Telkomsel Flash,2. Lainnya (Kabel),PLN,,,sdn2glandang@mail.com,,-7.025600000000,109.347700000000,9,54,55,6,Pagi/6 hari,,2022/2023-2,900,6,0,1,1,4,4,0,1,6,1,2,0,4,5,0,9,0,1,0,3,2,3,0,0,1,8,SD 2013,Telkomsel Flash,1,1,1,1,1,1,,,
Jawa Tengah,Kab. Pemalang,Bantarbolang,https://sekolah.data.kemdikbud.go.id/index.php/Chome/profil/00CF5F58-2DF5-E011-A775-D1A34A5B83AB,https://referensi.data.kemdikbud.go.id/pendidikan/npsn/20324756,SD NEGERI 02 KARANGANYAR,20324756,Dk Clapar Desa Karanganyar,KARANGANYAR,KEC. BANTARBOLANG,KAB. PEMALANG,PROV. JAWA TENGAH,NEGERI,SD,"Kementerian Pendidikan, Kebudayaan, Riset, dan Teknologi",Pemerintah Daerah,,,01-07-1979,,01-01-1985,Silakan Upload SK,,C,364,1. -,2. Telkom Speedy,PLN,,,sdn02karanganyarr@gmail.com,,-7.040200000000,109.396300000000,10,58,52,6,Pagi/6 hari,,2022/2023-2,350,6,0,1,1,4,3,0,3,8,0,2,0,3,7,0,10,0,2,1,3,1,2,0,1,2,8,SD 2013,Tidak Ada,1,1,1,1,1,1,,,
Jawa Tengah,Kab. Pemalang,Bantarbolang,https://sekolah.data.kemdikbud.go.id/index.php/Chome/profil/A056FE54-2DF5-E011-B9C2-D5A9772D6072,https://referensi.data.kemdikbud.go.id/pendidikan/npsn/20324764,SD NEGERI 02 KUTA BANTARBOLANG,20324764,Jl Suwandi Kalijero Kuta,KUTA,KEC. BANTARBOLANG,KAB. PEMALANG,PROV. JAWA TENGAH,NEGERI,SD,"Kementerian Pendidikan, Kebudayaan, Riset, dan Teknologi",Pemerintah Daerah,,421.2/022/13/46/85,01-08-1985,421.2/022/13/46/85,01-08-1985,Silakan Upload SK,,A,0,1. Smartfren,2. Lainnya (Satelit),PLN,,,sdnnolduakuta@gmail.com,,-7.002300000000,109.372700000000,7,66,65,6,Pagi/6 hari,,2022/2023-2,900,2,0,0,2,2,2,0,3,5,1,1,0,3,4,0,5,2,1,2,3,0,1,0,0,3,4,SD 2013,Smartfren,1,1,1,1,1,1,,,
Jawa Tengah,Kab. Pemalang,Bantarbolang,https://sekolah.data.kemdikbud.go.id/index.php/Chome/profil/C0B15F58-2DF5-E011-B7A8-E14704AD2F9C,https://referensi.data.kemdikbud.go.id/pendidikan/npsn/20324731,SD NEGERI 02 PEGIRINGAN,20324731,Jalan Raya Pemalang - Moga Km.23,PEGIRINGAN,KEC. BANTARBOLANG,KAB. PEMALANG,PROV. JAWA TENGAH,NEGERI,SD,"Kementerian Pendidikan, Kebudayaan, Riset, dan Teknologi",Pemerintah Daerah,,421.2/022/31/46/85,15-04-1969,421.2/022/31/46/85,01-08-1985,Silakan Upload SK,,B,968,1. XL (GSM),2. Telkom Speedy,PLN,,,sdn02pegiringan@gmail.com,http,-7.052300000000,109.376700000000,9,62,48,6,Pagi/6 hari,,2022/2023-2,900,6,0,0,1,2,5,0,2,7,0,1,1,5,4,0,7,2,0,2,3,3,0,0,1,4,5,SD 2013,XL (GSM),1,1,1,1,1,1,,,
Jawa Tengah,Kab. Pemalang,Bantarbolang,https://sekolah.data.kemdikbud.go.id/index.php/Chome/profil/E0886058-2DF5-E011-ABB6-617F82D37808,https://referensi.data.kemdikbud.go.id/pendidikan/npsn/20324728,SD NEGERI 02 PEGUYANGAN,20324728,Jalan Desa Peguyangan - Lenggerong No. 02,PAGUYANGAN,KEC. BANTARBOLANG,KAB. PEMALANG,PROV. JAWA TENGAH,NEGERI,SD,"Kementerian Pendidikan, Kebudayaan, Riset, dan Teknologi",Pemerintah Daerah,,421.1/022/18/46/85,01-08-1977,421.1/022/18/46/85,01-08-1985,Silakan Upload SK,,B,"1,914",1. Smartfren,2. Telkom Speedy,PLN,,,sdn02peguyangan@gmail.com,,-6.979800000000,109.414100000000,7,47,60,6,Pagi/6 hari,,2022/2023-2,900,6,0,1,0,3,2,0,2,6,1,0,0,3,4,0,7,0,0,1,3,3,0,0,0,3,4,SD 2013,Smartfren,1,1,1,1,1,1,,,
Jawa Tengah,Kab. Pemalang,Bantarbolang,https://sekolah.data.kemdikbud.go.id/index.php/Chome/profil/101D6158-2DF5-E011-997A-C9797E4EB5F6,https://referensi.data.kemdikbud.go.id/pendidikan/npsn/20324787,SD NEGERI 02 SUMURKIDANG,20324787,Jalan Karangjati No. 1 Desa Sumurkidang,SUMURKIDANG,KEC. BANTARBOLANG,KAB. PEMALANG,PROV. JAWA TENGAH,NEGERI,SD,"Kementerian Pendidikan, Kebudayaan, Riset, dan Teknologi",Pemerintah Daerah,,800/I/1979,01-01-1979,421.2/02/68/09/85,01-08-1985,Silakan Upload SK,,B,0,1. Lainnya (Wavelan),2. Lainnya (Wavelan),PLN,,,sdn02.sumurkidang@yahoo.co.id,,-7.068200000000,109.381000000000,7,52,50,6,Pagi/6 hari,,2022/2023-2,900,3,0,1,2,4,2,0,1,3,1,2,1,4,3,0,7,0,0,0,4,1,1,0,1,2,5,SD 2013,Lainnya (Wavelan),1,1,1,1,1,1,,,
Jawa Tengah,Kab. Pemalang,Bantarbolang,https://sekolah.data.kemdikbud.go.id/index.php/Chome/profil/00685F58-2DF5-E011-9FBE-E1A41C83D002,https://referensi.data.kemdikbud.go.id/pendidikan/npsn/20324800,SD NEGERI 02 WANARATA,20324800,Jalan Sutomo Timur Desa Wanarata,WANARATA,KEC. BANTARBOLANG,KAB. PEMALANG,PROV. JAWA TENGAH,NEGERI,SD,"Kementerian Pendidikan, Kebudayaan, Riset, dan Teknologi",Pemerintah Daerah,,421.2/022/46/85,01-01-1963,421.2/022/46/85,01-08-1985,Silakan Upload SK,,B,"3,960",1. Lainnya,2. Telkomsel Flash,PLN,,,sdn02wanarata1963@gmail.com,,-7.091300000000,109.405800000000,5,58,46,6,Pagi/6 hari,,2022/2023-2,900,5,0,0,0,3,0,0,2,2,1,2,0,3,2,0,5,0,0,1,2,1,0,1,0,0,5,SD 2013,Lainnya,1,1,1,1,1,1,,,
Jawa Tengah,Kab. Pemalang,Bantarbolang,https://sekolah.data.kemdikbud.go.id/index.php/Chome/profil/B0D45E58-2DF5-E011-BAE0-69C8E4B21F12,https://referensi.data.kemdikbud.go.id/pendidikan/npsn/20324087,SD NEGERI 03 BANTARBOLANG,20324087,Jalan Raya Bantarbolang,BANTARBOLANG,KEC. BANTARBOLANG,KAB. PEMALANG,PROV. JAWA TENGAH,NEGERI,SD,"Kementerian Pendidikan, Kebudayaan, Riset, dan Teknologi",Pemerintah Daerah,,,01-01-1965,421.2/002/03/46/85,01-08-1985,Silakan Upload SK,,B,"5,986",1. -,2. Telkom Speedy,PLN,0284,,sdn03btbl@gmail.com,http,-7.025900000000,109.395800000000,8,89,49,7,Pagi/6 hari,,2022/2023-2,450,6,0,0,1,4,3,0,1,5,1,2,0,5,3,0,6,2,0,2,2,3,0,1,0,2,6,SD 2013,Tidak Ada,1,1,1,1,2,1,,,
Jawa Tengah,Kab. Pemalang,Bantarbolang,https://sekolah.data.kemdikbud.go.id/index.php/Chome/profil/60F06058-2DF5-E011-9666-FBD203396F25,https://referensi.data.kemdikbud.go.id/pendidikan/npsn/20324050,SD NEGERI 03 KARANGANYAR,20324050,Jalan Karangsuru,KARANGANYAR,KEC. BANTARBOLANG,KAB. PEMALANG,PROV. JAWA TENGAH,NEGERI,SD,"Kementerian Pendidikan, Kebudayaan, Riset, dan Teknologi",Pemerintah Daerah,,421.2/022/36/46/85,01-08-1979,421.2/022/36/46/85,01-08-1985,Silakan Upload SK,,B,"1,575",1. Smartfren,2. Lainnya (Kabel),PLN,,,sdn03karanganyar_mbolang@yahoo.com,,-7.052500000000,109.399100000000,3,68,60,6,Pagi/6 hari,,2022/2023-2,900,6,0,1,2,0,1,0,2,3,0,0,0,1,2,0,2,1,1,1,0,1,0,0,0,1,2,SD 2013,Smartfren,1,1,1,1,1,1,,,
Jawa Tengah,Kab. Pemalang,Bantarbolang,https://sekolah.data.kemdikbud.go.id/index.php/Chome/profil/10496158-2DF5-E011-BD6C-057B6459E1DC,https://referensi.data.kemdikbud.go.id/pendidikan/npsn/20324172,SD NEGERI 03 PEDAGUNG,20324172,Jalan  Gumanti Desa Pedagung,PEDAGUNG,KEC. BANTARBOLANG,KAB. PEMALANG,PROV. JAWA TENGAH,NEGERI,SD,"Kementerian Pendidikan, Kebudayaan, Riset, dan Teknologi",Pemerintah Pusat,,,10-01-1985,421.2/022/13/46/85,01-08-1985,Lihat SK Operasional,2021-08-24 18,B,"1,750",1. Smartfren,2. Telkomsel Flash,PLN,,,sdntigapedagung@gmail.com,,-7.051200000000,109.444000000000,7,65,57,6,Pagi/6 hari,,2022/2023-2,450,6,0,0,1,3,3,0,1,6,0,1,0,2,5,0,6,1,1,2,3,1,0,0,0,2,5,SD 2013,Smartfren,1,1,1,1,1,1,,,
Jawa Tengah,Kab. Pemalang,Bantarbolang,https://sekolah.data.kemdikbud.go.id/index.php/Chome/profil/80A66058-2DF5-E011-B4F5-A19F9BC4E75C,https://referensi.data.kemdikbud.go.id/pendidikan/npsn/20340724,SD NEGERI 03 PEGIRINGAN,20340724,Jalan Sutomo Nomor 179 Pegiringan,PEGIRINGAN,KEC. BANTARBOLANG,KAB. PEMALANG,PROV. JAWA TENGAH,NEGERI,SD,"Kementerian Pendidikan, Kebudayaan, Riset, dan Teknologi",Pemerintah Daerah,,01-08-1978,01-08-1978,421.2/022/32/46/85,01-08-1978,Silakan Upload SK (link file tidak valid) => [481500-932954--],2021-08-02 12,A,"2,925",1. Telkom Speedy,2. Telkom Speedy,PLN,,,sdsn.03pegiringan@gmail.com,,-7.064000000000,109.372900000000,11,142,148,9,Sehari Penuh/6 hari,,2022/2023-2,"1,300",9,0,1,0,6,4,0,1,6,0,4,1,7,4,0,9,2,1,1,3,3,0,1,2,4,7,SD 2013,Telkom Speedy,2,2,1,1,2,1,,,
Jawa Tengah,Kab. Pemalang,Bantarbolang,https://sekolah.data.kemdikbud.go.id/index.php/Chome/profil/C0FA5F58-2DF5-E011-B5B7-099550F49083,https://referensi.data.kemdikbud.go.id/pendidikan/npsn/20324136,SD NEGERI 03 SURU,20324136,Jalan Ciganjur Dk Pulasari Desa Suru,SURU,KEC. BANTARBOLANG,KAB. PEMALANG,PROV. JAWA TENGAH,NEGERI,SD,"Kementerian Pendidikan, Kebudayaan, Riset, dan Teknologi",Pemerintah Daerah,,421.2/022/VII/79,01-07-1979,,01-08-1985,Silakan Upload SK,,B,"8,112",1. -,2. Lainnya,PLN,088214807650,,suru3@yahoo.com,http,-7.059500000000,109.419400000000,6,51,47,6,Pagi/6 hari,,2022/2023-2,450,6,0,1,1,3,0,0,3,4,2,0,0,3,3,0,5,1,0,1,2,1,1,1,0,4,2,SD 2013,Tidak Ada,1,1,1,1,1,1,,,
Jawa Tengah,Kab. Pemalang,Bantarbolang,https://sekolah.data.kemdikbud.go.id/index.php/Chome/profil/3080DD4F-B133-E211-A3B4-CF5DD6AD5F32,https://referensi.data.kemdikbud.go.id/pendidikan/npsn/20323944,SD NEGERI 04 KUTA BANTARBOLANG,20323944,JALAN GUNUNG WANGI KUTA,KUTA,KEC. BANTARBOLANG,KAB. PEMALANG,PROV. JAWA TENGAH,NEGERI,SD,"Kementerian Pendidikan, Kebudayaan, Riset, dan Teknologi",Pemerintah Pusat,,421.2/022/15/46/85,01-08-1983,421.2/022/15/46/85,01-08-1985,Silakan Upload SK,,B,"1,006",1. -,2. Lainnya (Kabel),PLN,0,,operator.sd4kuta@gmail.com,http,-7.009400000000,109.353300000000,8,37,30,6,Pagi/6 hari,,2022/2023-2,901,5,0,0,2,5,2,0,1,6,0,2,0,2,6,0,7,1,1,0,6,0,0,0,1,4,4,SD 2013,Tidak Ada,1,1,1,1,1,1,,,
Jawa Tengah,Kab. Pemalang,Bantarbolang,https://sekolah.data.kemdikbud.go.id/index.php/Chome/profil/00586158-2DF5-E011-914C-455397B750DE,https://referensi.data.kemdikbud.go.id/pendidikan/npsn/20324028,SD NEGERI 04 PEDAGUNG,20324028,Jalan Desa Pedagung Dukuh Karang Tuang,PEDAGUNG,KEC. BANTARBOLANG,KAB. PEMALANG,PROV. JAWA TENGAH,NEGERI,SD,"Kementerian Pendidikan, Kebudayaan, Riset, dan Teknologi",Pemerintah Pusat,,421.2/022/44/46/85,01-08-1985,,01-01-1910,Silakan Upload SK,,B,272,1. -,2. Telkomsel Flash,PLN,,,sdnegeri04pedagung@gmail.com,,-7.057100000000,109.442600000000,4,35,38,6,Pagi/6 hari,,2022/2023-2,900,4,0,0,0,3,0,0,1,1,0,3,0,2,2,1,1,2,0,1,1,1,0,0,1,2,2,SD 2013,Tidak Ada,1,1,1,1,1,1,,,
Jawa Tengah,Kab. Pemalang,Bantarbolang,https://sekolah.data.kemdikbud.go.id/index.php/Chome/profil/E0FE6058-2DF5-E011-9EE9-6387E7F5B2E6,https://referensi.data.kemdikbud.go.id/pendidikan/npsn/20324026,SD NEGERI 04 PEGIRINGAN,20324026,Jalan  Sipedang No 7 Desa Pegiringan,PEGIRINGAN,KEC. BANTARBOLANG,KAB. PEMALANG,PROV. JAWA TENGAH,NEGERI,SD,"Kementerian Pendidikan, Kebudayaan, Riset, dan Teknologi",Pemerintah Daerah,,421.2/022/33/46/85,01-08-1985,421.2/022/33/46/85,01-08-1985,Silakan Upload SK,,B,882,1. Smartfren,2. Telkom Speedy,PLN,,,sdnegeripegiringan@yahoo.co.id,,-7.056700000000,109.367700000000,7,125,100,7,Pagi/6 hari,,2022/2023-2,900,6,0,0,2,1,2,0,4,6,0,1,0,3,4,0,7,0,1,0,6,0,0,0,0,3,4,SD 2013,Smartfren,2,1,1,1,1,1,,,
Jawa Tengah,Kab. Pemalang,Bantarbolang,https://sekolah.data.kemdikbud.go.id/index.php/Chome/profil/00B56058-2DF5-E011-A8A2-618CAD3C310B,https://referensi.data.kemdikbud.go.id/pendidikan/npsn/20323989,SD NEGERI 04 WANARATA,20323989,Jalan Sutomo Timur Desa Wanarata,WANARATA,KEC. BANTARBOLANG,KAB. PEMALANG,PROV. JAWA TENGAH,NEGERI,SD,"Kementerian Pendidikan, Kebudayaan, Riset, dan Teknologi",Pemerintah Pusat,,421.2/022/24/46/85,01-07-1979,421.2/SIOPSD/VII/85,01-08-1985,Silakan Upload SK,,B,"2,881",1. Telkomsel Flash,2. Lainnya (Kabel),PLN,,,sdnwanarata04@gmail.com,,-7.086800000000,109.406500000000,8,50,43,6,Pagi/6 hari,,2022/2023-2,450,6,0,0,1,2,5,0,1,6,0,2,0,6,2,0,7,1,1,0,0,4,1,1,1,2,6,SD 2013,Telkomsel Flash,1,1,1,1,1,1,,,
Jawa Tengah,Kab. Pemalang,Bantarbolang,https://sekolah.data.kemdikbud.go.id/index.php/Chome/profil/70666158-2DF5-E011-B799-41101E840F35,https://referensi.data.kemdikbud.go.id/pendidikan/npsn/20324343,SD NEGERI 05 PEDAGUNG,20324343,Jalan Desa Pedagung Dukuh Waringin,PEDAGUNG,KEC. BANTARBOLANG,KAB. PEMALANG,PROV. JAWA TENGAH,NEGERI,SD,"Kementerian Pendidikan, Kebudayaan, Riset, dan Teknologi",Pemerintah Daerah,,421.2/Neg/19110/1989,05-12-1984,421.2/Neg/19110/1989,05-12-1989,Silakan Upload SK,,B,"1,589",1. Telkomsel Flash,2. Linknet,PLN,,,sdnpedagung5@gmail.com,,-7.080000000000,109.442500000000,8,31,29,6,Pagi/6 hari,,2022/2023-2,900,4,0,0,0,4,2,0,2,6,0,2,0,5,3,0,7,1,3,1,2,2,0,0,0,6,2,SD 2013,Telkomsel Flash,1,1,1,1,1,1,,,
Jawa Tengah,Kab. Pemalang,Bantarbolang,https://sekolah.data.kemdikbud.go.id/index.php/Chome/profil/E0746158-2DF5-E011-95B7-7D46F9285DE3,https://referensi.data.kemdikbud.go.id/pendidikan/npsn/20340723,SD NEGERI 05 PEGIRINGAN,20340723,Jalan Sutomo No. 181 Pegiringan,PEGIRINGAN,KEC. BANTARBOLANG,KAB. PEMALANG,PROV. JAWA TENGAH,NEGERI,SD,"Kementerian Pendidikan, Kebudayaan, Riset, dan Teknologi",Pemerintah Pusat,,421.2/022/34/46/85,01-08-1985,421.2/022/34/46/85,01-01-1910,Lihat SK Operasional,2021-07-21 12,B,"21,500",1. Lainnya (Wavelan),2. Telkom Speedy,PLN,,,sdnlimapegiringan@gmail.com,,-7.056800000000,109.358700000000,9,82,64,6,Pagi/6 hari,,2022/2023-2,450,6,0,1,0,3,3,0,3,8,0,0,1,2,7,0,8,1,1,0,4,3,0,0,1,3,6,SD 2013,Lainnya (Wavelan),1,1,1,1,1,1,,,
Jawa Tengah,Kab. Pemalang,Bantarbolang,https://sekolah.data.kemdikbud.go.id/index.php/Chome/profil/E00D6158-2DF5-E011-BFF3-CDDC35BB1BE6,https://referensi.data.kemdikbud.go.id/pendidikan/npsn/20324360,SD NEGERI 05 WANARATA,20324360,Jalan Benteng Desa Wanarata,WANARATA,KEC. BANTARBOLANG,KAB. PEMALANG,PROV. JAWA TENGAH,NEGERI,SD,"Kementerian Pendidikan, Kebudayaan, Riset, dan Teknologi",Pemerintah Daerah,,421.2/022/25/46/85,01-07-1980,421.2/022/25/46/85,01-08-1985,Silakan Upload SK,,B,"2,000",1. Lainnya,2. Lainnya (Satelit),PLN,,,Titihermawanti864@gmail.com,,-7.092500000000,109.419100000000,7,55,63,6,Pagi/6 hari,,2022/2023-2,900,5,0,2,2,5,2,0,0,2,1,3,1,5,2,1,5,1,0,0,0,4,1,1,1,4,3,SD 2013,Lainnya,1,1,1,1,1,1,,,
Jawa Tengah,Kab. Pemalang,Bantarbolang,https://sekolah.data.kemdikbud.go.id/index.php/Chome/profil/00C46058-2DF5-E011-AE58-D12C509FBC5D,https://referensi.data.kemdikbud.go.id/pendidikan/npsn/20324356,SD NEGERI 06 BANTARBOLANG,20324356,Jalan Kenanga No.209 Dukuh Lumpang,BANTARBOLANG,KEC. BANTARBOLANG,KAB. PEMALANG,PROV. JAWA TENGAH,NEGERI,SD,"Kementerian Pendidikan, Kebudayaan, Riset, dan Teknologi",Pemerintah Daerah,,421-2/022/06/46/85,16-07-1978,421.2/022/06/46/85,01-08-1985,Silakan Upload SK,,B,"1,670",1. Telkom Speedy,2. Telkom Speedy,PLN,,,sdnenambantarbolang@gmail.com,,-7.042200000000,109.369600000000,9,109,99,6,Pagi/6 hari,,2022/2023-2,"1,300",6,0,0,4,5,2,0,2,4,1,3,1,6,3,0,8,1,0,2,1,2,0,3,1,3,6,SD 2013,Telkom Speedy,1,1,1,1,1,1,,,
Jawa Tengah,Kab. Pemalang,Bantarbolang,https://sekolah.data.kemdikbud.go.id/index.php/Chome/profil/A0D26058-2DF5-E011-9CB9-ABE905E6FFBF,https://referensi.data.kemdikbud.go.id/pendidikan/npsn/20324335,SD NEGERI 07 BANTARBOLANG,20324335,Jl. Pancasakti No 1 Bantarbolang,BANTARBOLANG,KEC. BANTARBOLANG,KAB. PEMALANG,PROV. JAWA TENGAH,NEGERI,SD,"Kementerian Pendidikan, Kebudayaan, Riset, dan Teknologi",Pemerintah Daerah,,420/103/2022,01-01-1979,421.2/022/13/46/85,01-08-1985,Lihat SK Operasional,2022-07-11 18,B,500,1. Telkomsel Flash,2. Telkom Speedy,PLN,,02843278578,sdn07bantarbolang@yahoo.co.id,,-7.034900000000,109.374300000000,8,123,96,6,Pagi/6 hari,,2022/2023-2,900,6,0,1,1,7,0,0,1,2,0,4,2,7,1,0,7,1,0,0,2,2,0,2,2,4,4,SD 2013,Telkomsel Flash,1,1,1,1,1,1,,,
Jawa Tengah,Kab. Pemalang,Bantarbolang,https://sekolah.data.kemdikbud.go.id/index.php/Chome/profil/B0E16058-2DF5-E011-8185-930078525674,https://referensi.data.kemdikbud.go.id/pendidikan/npsn/20324412,SD NEGERI 08 BANTARBOLANG,20324412,Jalan Kenanga 316 Semiliran,BANTARBOLANG,KEC. BANTARBOLANG,KAB. PEMALANG,PROV. JAWA TENGAH,NEGERI,SD,"Kementerian Pendidikan, Kebudayaan, Riset, dan Teknologi",Pemerintah Daerah,,421.2 022 08 46 85,08-01-1980,421.2/022/08/46/85,01-08-1985,Silakan Upload SK,,B,"1,044",1. Telkomsel Flash,2. Telkom Astinet,PLN,,,sdn08bantarbolang@gmail.com,,-7.025300000000,109.382400000000,9,88,87,6,Pagi/6 hari,,2022/2023-2,900,6,0,0,2,4,5,0,0,5,0,3,1,7,2,0,9,0,0,0,2,4,1,0,2,2,7,SD 2013,Telkomsel Flash,1,1,1,1,1,1,,,
Jawa Tengah,Kab. Pemalang,Bantarbolang,https://sekolah.data.kemdikbud.go.id/index.php/Chome/profil/402D5F58-2DF5-E011-987D-BD86B5FD4A07,https://referensi.data.kemdikbud.go.id/pendidikan/npsn/20324376,SD NEGERI LENGGERONG,20324376,Jalan Raya Lenggerong No 147,LENGGERONG,KEC. BANTARBOLANG,KAB. PEMALANG,PROV. JAWA TENGAH,NEGERI,SD,"Kementerian Pendidikan, Kebudayaan, Riset, dan Teknologi",Pemerintah Daerah,,421.2/022/16/46/85,01-08-1985,421.2/022/16/46/85,01-08-1985,Lihat SK Operasional,2023-02-23 08,B,"1,600",1. -,2. Lainnya (Serat Optik),PLN,,,sdnlenggerong@gmail.com,,-6.994500000000,109.398600000000,8,55,39,6,Pagi/6 hari,,2022/2023-2,"1,300",3,0,0,2,3,1,0,4,6,0,2,0,5,3,0,7,1,0,5,3,0,0,0,0,3,5,SD 2013,Tidak Ada,1,1,1,1,1,1,,,
Jawa Tengah,Kab. Pemalang,Bantarbolang,https://sekolah.data.kemdikbud.go.id/index.php/Chome/profil/603F6058-2DF5-E011-A01F-559278F0FD91,https://referensi.data.kemdikbud.go.id/pendidikan/npsn/20324374,SD NEGERI PABUARAN,20324374,Jalan Desa Pabuaran,PABUARAN,KEC. BANTARBOLANG,KAB. PEMALANG,PROV. JAWA TENGAH,NEGERI,SD,"Kementerian Pendidikan, Kebudayaan, Riset, dan Teknologi",Pemerintah Daerah,,No,01-08-1985,421.2/022/45/46/85,01-08-1985,Silakan Upload SK,,B,"2,500",1. Lainnya (Wavelan),2. Lainnya (Wavelan),PLN,,,sdn.pabuaran34@yahoo.com,,-7.036700000000,109.441300000000,8,105,86,6,Double Shift/6 hari,,2022/2023-2,900,3,0,1,0,6,1,0,1,5,0,2,1,7,1,0,7,1,1,3,2,0,1,0,1,6,2,SD 2013,Lainnya (Wavelan),1,1,1,1,1,1,,,
Jawa Tengah,Kab. Pemalang,Bantarbolang,https://sekolah.data.kemdikbud.go.id/index.php/Chome/profil/B0096058-2DF5-E011-BD9A-5B22F893D8CF,https://referensi.data.kemdikbud.go.id/pendidikan/npsn/20324385,SD NEGERI PURANA,20324385,Jalan Kembang Kuning Kedung Ampel Desa Purana,PURANA,KEC. BANTARBOLANG,KAB. PEMALANG,PROV. JAWA TENGAH,NEGERI,SD,"Kementerian Pendidikan, Kebudayaan, Riset, dan Teknologi",Pemerintah Pusat,,421.2/022/40/46/85,01-08-1985,421.2/002/40/46/1985,01-08-1985,Silakan Upload SK,,B,"1,530",1. -,2. Smartfren,PLN,,,sdnegeripurana@gmail.com,http,-7.039300000000,109.426100000000,8,78,80,6,Pagi/6 hari,,2022/2023-2,900,3,0,1,0,4,1,0,3,5,1,2,0,6,2,1,3,4,1,2,3,2,0,0,0,5,3,SD 2013,Tidak Ada,1,1,1,1,1,1,,,
Jawa Tengah,Kab. Pemalang,Bantarbolang,https://sekolah.data.kemdikbud.go.id/index.php/Chome/profil/604E6058-2DF5-E011-B054-3D9AE2B93732,https://referensi.data.kemdikbud.go.id/pendidikan/npsn/20324398,SD NEGERI SARWODADI,20324398,Jalan Desa Sarwodadi Bantarbolang,SARWODADI,KEC. BANTARBOLANG,KAB. PEMALANG,PROV. JAWA TENGAH,NEGERI,SD,"Kementerian Pendidikan, Kebudayaan, Riset, dan Teknologi",Pemerintah Daerah,,789065431,31-07-1990,045.2/96/IX/2012,25-09-2012,Silakan Upload SK,,B,"1,259",1. Smartfren,2. Lainnya (Satelit),PLN,,,sdn.sarwodadibantarbolang@gmail.com,,-7.031900000000,109.416900000000,8,42,32,6,Pagi/6 hari,,2022/2023-2,900,6,0,1,2,5,2,0,1,4,0,3,1,4,4,0,6,2,1,1,2,3,0,0,1,4,4,SD 2013,Smartfren,1,1,1,1,1,1,,,
Jawa Tengah,Kab. Pemalang,Bantarbolang,https://sekolah.data.kemdikbud.go.id/index.php/Chome/profil/C0FCB75A-2DF5-E011-826A-FF314310803C,https://referensi.data.kemdikbud.go.id/pendidikan/npsn/20324182,SMP ISLAM BANTARBOLANG,20324182,Jalan Melati No 4,BANTARBOLANG,KEC. BANTARBOLANG,KAB. PEMALANG,PROV. JAWA TENGAH,SWASTA,SMP,"Kementerian Pendidikan, Kebudayaan, Riset, dan Teknologi",YAYASAN PENDIDIKAN ISLAM RAUDLATUL MUTAA'LIMIEN,AA8941,2309/103/1-87,12-02-1987,2309/103/1-87,12-02-1987,Lihat SK Operasional,2020-08-27 15,A,"1,200",1. Telkomsel Flash,2. Telkom Speedy,PLN,,028432785,smpislambantarbolang68@gmail.com,,-7.038200000000,109.374500000000,13,173,124,9,Pagi/6 hari,,2022/2023-2,"5,000",5,0,1,1,1,0,13,1,12,0,1,0,5,8,0,8,5,4,3,3,2,1,0,0,5,8,SMP 2013,Telkomsel Flash,,,,,,,2,3,4
Jawa Tengah,Kab. Pemalang,Bantarbolang,https://sekolah.data.kemdikbud.go.id/index.php/Chome/profil/20CA625A-2DF5-E011-AF00-B7E7F63AD802,https://referensi.data.kemdikbud.go.id/pendidikan/npsn/20324278,SMP NEGERI 1 BANTARBOLANG,20324278,Jl. Raya Bantarbolang No. 16,BANTARBOLANG,KEC. BANTARBOLANG,KAB. PEMALANG,PROV. JAWA TENGAH,NEGERI,SMP,"Kementerian Pendidikan, Kebudayaan, Riset, dan Teknologi",Pemerintah Daerah,,130/U/1979,31-01-1979,030/U/1979,31-01-1979,Lihat SK Operasional,2020-08-27 15,A,0,1. -,2. Telkom Speedy,PLN,,02843278547,smpnegeri1bantarbolang@yahoo.com,http,-7.033400000000,109.375800000000,35,305,353,21,Pagi/6 hari,,2022/2023-2,"3,600",21,1,1,1,20,6,0,9,19,0,9,7,17,18,0,31,4,2,5,12,4,2,7,3,13,22,SMP 2013,Tidak Ada,,,,,,,7,7,7
Jawa Tengah,Kab. Pemalang,Bantarbolang,https://sekolah.data.kemdikbud.go.id/index.php/Chome/profil/30A9625A-2DF5-E011-9A22-5D638411AEFD,https://referensi.data.kemdikbud.go.id/pendidikan/npsn/20324297,SMP NEGERI 2 BANTARBOLANG,20324297,Jl. Sutomo,BANJARSARI,KEC. BANTARBOLANG,KAB. PEMALANG,PROV. JAWA TENGAH,NEGERI,SMP,"Kementerian Pendidikan, Kebudayaan, Riset, dan Teknologi",Pemerintah Daerah,,1300/O/1991,05-05-1992,0216/0/1992,05-05-1992,Silakan Upload SK,,A,"12,000",1. Indosat IM3,2. Lainnya (Serat Optik),PLN,,02843287154,smpn2.btbl@gmail.com,,-7.075500000000,109.447400000000,38,311,362,21,Pagi/6 hari,,2022/2023-2,"11,000",20,1,1,2,19,6,1,12,20,0,13,5,19,19,0,27,11,2,9,5,8,4,8,2,10,28,SMP 2013,Indosat IM3,,,,,,,7,7,7
Jawa Tengah,Kab. Pemalang,Bantarbolang,https://sekolah.data.kemdikbud.go.id/index.php/Chome/profil/40BA625A-2DF5-E011-94E2-53BE316B8DDC,https://referensi.data.kemdikbud.go.id/pendidikan/npsn/20324251,SMP NEGERI 3 BANTARBOLANG,20324251,Jl. Raya Desa Suru,SURU,KEC. BANTARBOLANG,KAB. PEMALANG,PROV. JAWA TENGAH,NEGERI,SMP,"Kementerian Pendidikan, Kebudayaan, Riset, dan Teknologi",Pemerintah Pusat,,0315/O/1995,26-10-1995,0315/O/1995,26-10-1995,Silakan Upload SK,,A,"8,055",1. -,2. Telkom Speedy,PLN,,02843290251,smp3btbl@gmail.com,http,-7.053300000000,109.351200000000,33,240,191,14,Pagi/6 hari,,2022/2023-2,"8,500",16,0,0,2,12,9,0,12,23,0,3,7,12,21,0,27,6,5,8,3,5,4,4,4,10,23,SMP 2013,Tidak Ada,,,,,,,5,4,5
Jawa Tengah,Kab. Pemalang,Bantarbolang,https://sekolah.data.kemdikbud.go.id/index.php/Chome/profil/90DA625A-2DF5-E011-AD02-D7DE7177FD74,https://referensi.data.kemdikbud.go.id/pendidikan/npsn/20324257,SMP NEGERI 4 BANTARBOLANG,20324257,Jalan Suwandi,KUTA,KEC. BANTARBOLANG,KAB. PEMALANG,PROV. JAWA TENGAH,NEGERI,SMP,"Kementerian Pendidikan, Kebudayaan, Riset, dan Teknologi",Pemerintah Daerah,,421.3/378/2003/Diknas,07-05-2003,421.3/378/2003,31-07-2003,Silakan Upload SK,,A,"15,084",1. Telkomsel Flash,2. Lainnya (Serat Optik),PLN,,,smpnempatbantarbolang@yahoo.com,http,-7.000000000000,109.375900000000,26,298,278,19,Pagi/6 hari,,2022/2023-2,"3,200",18,1,1,2,17,4,0,5,10,0,13,3,20,6,1,22,3,3,3,2,2,5,7,4,15,11,SMP 2013,Telkomsel Flash,,,,,,,7,6,6
Jawa Tengah,Kab. Pemalang,Bantarbolang,https://sekolah.data.kemdikbud.go.id/index.php/Chome/profil/10EB1DF3-69D1-E111-9D1B-3FF89C6A0C0B,https://referensi.data.kemdikbud.go.id/pendidikan/npsn/20362091,SMP NEGERI PABUARAN SATU ATAP,20362091,JALAN RAYA DESA PABUARAN,PABUARAN,KEC. BANTARBOLANG,KAB. PEMALANG,PROV. JAWA TENGAH,NEGERI,SMP,"Kementerian Pendidikan, Kebudayaan, Riset, dan Teknologi",Pemerintah Daerah,,421.2.2306.2010,19-08-2010,421.2/2306/2010,19-08-2010,Silakan Upload SK,,C,"2,500",1. Smartfren,2. Lainnya (Wavelan),PLN,,,smpnpabuaransatap247@gmail.com,,-7.030200000000,109.443600000000,8,44,35,3,Pagi/6 hari,,2022/2023-2,900,0,0,1,3,3,4,0,1,8,0,0,0,3,5,0,4,4,1,1,5,1,0,0,0,1,7,SMP 2013,Smartfren,,,,,,,1,1,1
Jawa Tengah,Kab. Pemalang,Bantarbolang,https://sekolah.data.kemdikbud.go.id/index.php/Chome/profil/40ECB75A-2DF5-E011-BD32-7F418926BD93,https://referensi.data.kemdikbud.go.id/pendidikan/npsn/20324198,SMP NURUL SALAM BANTARBOLANG,20324198,Jl. Merdeka Utara No 102,WANARATA,KEC. BANTARBOLANG,KAB. PEMALANG,PROV. JAWA TENGAH,SWASTA,SMP,"Kementerian Pendidikan, Kebudayaan, Riset, dan Teknologi",Yayasan YPI Nurul Salam Wanarata,AA8936,243/C2/1174/02-05-1974,17-07-1972,NO.243/C2/1174/02-05-1974,02-05-1974,Lihat SK Operasional,2020-08-29 11,A,"13,699",1. Indosat IM3,2. Telkom Speedy,PLN,02843279746,02843279746,smp_nursa@yahoo.co.id,,-7.080000000000,109.395200000000,13,123,98,8,Pagi/6 hari,,2022/2023-2,"2,200",9,2,0,1,0,0,10,5,10,0,3,0,5,8,0,11,2,2,3,1,3,4,0,0,6,7,SMP 2013,Indosat IM3,,,,,,,3,2,3
Jawa Tengah,Kab. Pemalang,Bantarbolang,https://sekolah.data.kemdikbud.go.id/index.php/Chome/profil/3A123C31-1896-42E6-9FFB-838C6A2FD12C,https://referensi.data.kemdikbud.go.id/pendidikan/npsn/69894029,SMP SYAFIIYAH TERPADU BANTARBOLANG,69894029,JL. KENANGA RT.10 RW.06 DUKUH LUMPANG BANTARBOLANG,BANTARBOLANG,KEC. BANTARBOLANG,KAB. PEMALANG,PROV. JAWA TENGAH,SWASTA,SMP,"Kementerian Pendidikan, Kebudayaan, Riset, dan Teknologi",Yayasan PONTREN SYAFI'IYAH,AA8934,421.3/652/DINDIKPORA,13-04-2015,421.3/652/DINDIKPORA,13-04-2015,Lihat SK Operasional,2015-04-29 14,C,"1,441,095",1. -,2. Telkom Speedy,PLN,,,smpsyafiiyahbantarbolangg@gmail.com,,-7.059812000000,109.402058000000,7,16,5,3,Pagi/6 hari,,2022/2023-2,900,3,1,1,2,1,0,7,0,6,0,0,1,0,7,0,6,1,2,3,1,0,0,0,1,1,6,SMP 2013,Tidak Ada,,,,,,,1,1,1
