kode_kec,nama,link_dapo,link_sekolah_kita,last_sync,akreditasi,kurikulum,npsn,status,bentuk_pendidikan,status_kepemilikan,sk_pendirian_sekolah,tanggal_sk_pendirian,sk_izin_operasional,tanggal_sk_izin_operasional,kebutuhan_khusus_dilayani,nama_bank,cabang_kcp/unit,rekening_atas_nama,status_bos,waku_penyelenggaraan,sertifikasi_iso,sumber_listrik,daya_listrik,akses_internet,alamat,rt_/_rw,dusun,desa_/_kelurahan,kecamatan,kabupaten,provinsi,kode_pos,lintang,bujur,rombel,guru_kelas,guru_matematika,guru_bahasa_indonesia,guru_bahasa_inggris,guru_sejarah_indonesia,guru_pkn,guru_penjaskes,guru_agama_budi_pekerti,guru_seni_budaya,ptk_laki,ptk_perempuan,pegawai_laki,pegawai_perempuan,pd_kelas_1_laki,pd_kelas_1_perempuan,pd_kelas_2_laki,pd_kelas_2_perempuan,pd_kelas_3_laki,pd_kelas_3_perempuan,pd_kelas_4_laki,pd_kelas_4_perempuan,pd_kelas_5_laki,pd_kelas_5_perempuan,pd_kelas_6_laki,pd_kelas_6_perempuan,pd_kelas_7_laki,pd_kelas_7_perempuan,pd_kelas_8_laki,pd_kelas_8_perempuan,pd_kelas_9_laki,pd_kelas_9_perempuan,pd_kelas_10_laki,pd_kelas_10_perempuan,pd_kelas_11_laki,pd_kelas_11_perempuan,pd_kelas_12_laki,pd_kelas_12_perempuan,pd_kelas_13_laki,pd_kelas_13_perempuan,jumlah_kirim,ptk,pegawai,pd,pd_laki,pd_perempuan,before_ruang_kelas,after_ruang_kelas,before_ruang_perpus,after_ruang_perpus,before_ruang_lab,after_ruang_lab,before_ruang_praktik,after_ruang_praktik,before_ruang_pimpinan,after_ruang_pimpinan,before_ruang_guru,after_ruang_guru,before_ruang_ibadah,after_ruang_ibadah,before_ruang_uks,after_ruang_uks,before_toilet,after_toilet,before_gudang,after_gudang,before_ruang_sirkulasi,after_ruang_sirkulasi,before_tempat_bermain_olahraga,after_tempat_bermain_olahraga,before_ruang_tu,after_ruang_tu,before_ruang_konseling,after_ruang_konseling,before_ruang_osis,after_ruang_osis,before_bangunan,after_bangunan,identitas_valid,ptk_valid,pd_valid,prasarana_valid,total_valid,sekolah_id,semester_id,sumber_air,sumber_air_minum,kecukupan_air_bersih,jamban_kk,tipe_jamban,jml_hari_cuci_tangan,jml_wastafel,jml_wastafel_rusak,air_mengalir_wastafel,memiliki_drainase,menguras_tangki_septik
050618,TK AISYIYAH BUSTANUL ATHFAL,https://dapo.kemdikbud.go.id/sekolah/C28B4D18AC7AEEDDBB7E,http://sekolah.data.kemdikbud.go.id/index.php/chome/profil/7537a8ac-e7a4-40ce-a438-cf517e0df5a7,07 Feb 2023 11:29:46,B,Kurikulum 2013,20566951,Swasta,TK,Yayasan,420/7875/Oprs/414.101/2021,1975-10-15,421/0760/414.042/2002,2002-01-31,Tidak ada,BPD JAWA TIMUR,BPD JAWA TIMUR CAPEM JATIROGO,20566951 TK AISYIYAH B A,Bersedia Menerima,Pagi,Belum Bersertifikat,PLN,450,Tidak Ada,JL.PANGLIMA SUDIRMAN NO.347 DESA.SADANG - JATIROGO,3 / 6,SADANG,Sadang,Kec. Jatirogo,Kab. Tuban,Prov. Jawa Timur,62362,0,0,2,2,0,0,0,0,0,0,0,0,0,2,0,1,0,0,0,0,0,0,0,0,0,0,0,0,0,0,0,0,0,0,0,0,0,0,0,0,0,0,2,2,1,32,17,15,2,2,0,0,0,0,0,0,1,1,1,1,0,0,1,1,1,1,1,1,0,0,0,0,0,0,0,0,0,0,1,1,,,,,,,,,,,,,,,,,,
050618,TK AL UMARIYYAH,https://dapo.kemdikbud.go.id/sekolah/93D22A8B8AF89A2D04CA,http://sekolah.data.kemdikbud.go.id/index.php/chome/profil/d1630a35-9df3-4c50-8e25-db4119ed957c,13 Feb 2023 12:05:43,B,Kurikulum 2013,69858111,Swasta,TK,Yayasan,421.1/6306/414.050/2012,2012-08-01,420/7876/Oprs/414.101/2021,2021-10-01,Tidak ada,BPD JAWA TIMUR,BPD JAWA TIMUR CAPEM JATIROGO,69858111 TK AL UMARIYYAH,Bersedia Menerima,Sehari penuh (5 h/m),Belum Bersertifikat,PLN,2500,Smartfren,DESA WOTSOGO KEC JATIROGO,5 / 8,WOTSOGO,Wotsogo,Kec. Jatirogo,Kab. Tuban,Prov. Jawa Timur,62362,-6,111,6,6,0,0,0,0,0,0,0,0,0,6,0,1,0,0,0,0,0,0,0,0,0,0,0,0,0,0,0,0,0,0,0,0,0,0,0,0,0,0,5,6,1,115,49,66,6,6,1,1,0,0,0,0,0,0,0,0,1,1,0,0,1,1,1,1,0,0,0,0,0,0,0,0,0,0,6,6,,,,,,,,,,,,,,,,,,
050618,TK BHAYANGKARI,https://dapo.kemdikbud.go.id/sekolah/8F2338AB3DCB85AD0710,http://sekolah.data.kemdikbud.go.id/index.php/chome/profil/aec7da03-eff9-4808-b9fc-16765e3eb8a9,20 Feb 2023 06:04:40,B,Kurikulum 2013,20567039,Swasta,TK,Yayasan,3477/104.14/E.87/SK,1987-01-01,420/7877/Oprs/414.101/2021,2021-10-01,Tidak ada,BPD JAWA TIMUR,BPD JAWA TIMUR CAPEM JATIROGO,20567039 TK BHAYANGKARI,Bersedia Menerima,Pagi,Belum Bersertifikat,PLN,900,Smartfren,JL.JOMBOK DS. WOTSOGO - JATIROGO,1 / 2,Wotsogo,Wotsogo,Kec. Jatirogo,Kab. Tuban,Prov. Jawa Timur,62362,0,0,3,3,0,0,0,0,0,0,0,0,0,2,0,1,0,0,0,0,0,0,0,0,0,0,0,0,0,0,0,0,0,0,0,0,0,0,0,0,0,0,1,2,1,34,14,20,3,3,0,0,0,0,0,0,1,1,0,0,0,0,0,0,2,2,1,1,0,0,0,0,0,0,0,0,0,0,8,8,,,,,,,,,,,,,,,,,,
050618,TK DHARMA WANITA,https://dapo.kemdikbud.go.id/sekolah/F65318C5A09985EF8A9C,http://sekolah.data.kemdikbud.go.id/index.php/chome/profil/85f9bfb7-acae-4d00-92ba-1eb15d714a9f,03 Feb 2023 12:31:55,C,Kurikulum 2013,20567005,Swasta,TK,Yayasan,,1900-01-31,421/0760/414.042/2002,2002-01-31,Tidak ada,BPD JAWA TIMUR,BPD JAWA TIMUR CAPEM JATIROGO,20567005 TK DHARMA WANITA,Bersedia Menerima,Pagi,Belum Bersertifikat,PLN,900,Smartfren,DS. SADANG - JATIROGO,1 / 4,SADANG,Sadang,Kec. Jatirogo,Kab. Tuban,Prov. Jawa Timur,62362,0,0,3,3,0,0,0,0,0,0,0,0,0,2,0,1,0,0,0,0,0,0,0,0,0,0,0,0,0,0,0,0,0,0,0,0,0,0,0,0,0,0,2,2,1,54,23,31,2,2,0,0,0,0,0,0,0,0,1,1,0,0,0,0,1,1,1,1,0,0,0,0,0,0,0,0,0,0,1,1,,,,,,,,,,,,,,,,,,
050618,TK DHARMA WANITA,https://dapo.kemdikbud.go.id/sekolah/D91FC481F88F9EF92459,http://sekolah.data.kemdikbud.go.id/index.php/chome/profil/f15141c0-b508-442c-a9ad-32d3977e8e52,26 Jan 2023 15:25:39,B,Kurikulum 2013,69895805,Swasta,TK,Yayasan,431/81/414.219.10/2013,2013-05-20,421.1/3834/414.050/2013,2013-08-14,Tidak ada,BPD JAWA TIMUR,BPD JAWA TIMUR CAPEM JATIROGO,69895805 TK DHARMA WANITA,Bersedia Menerima,Pagi,Belum Bersertifikat,PLN,450,Telkomsel Flash,DESA DEMIT JATIROGO,3 / 2,krajan,Demit,Kec. Jatirogo,Kab. Tuban,Prov. Jawa Timur,62362,0,0,2,2,0,0,0,0,0,0,0,0,0,2,0,1,0,0,0,0,0,0,0,0,0,0,0,0,0,0,0,0,0,0,0,0,0,0,0,0,0,0,2,2,1,31,19,12,2,2,0,0,0,0,0,0,1,1,0,0,0,0,0,0,1,1,0,0,0,0,0,0,0,0,0,0,0,0,1,1,,,,,,,,,,,,,,,,,,
050618,TK DHARMA WANITA,https://dapo.kemdikbud.go.id/sekolah/B82621B82DD4FF199C07,http://sekolah.data.kemdikbud.go.id/index.php/chome/profil/dc208831-e748-401d-ad70-076b5e75ee0d,10 Feb 2023 02:32:46,B,Kurikulum 2013,69944421,Swasta,TK,Yayasan,421.1/2318/414.050/2016,2016-05-16,420/7903/Oprs/414.101/2021,2016-05-16,Tidak ada,BPD JAWA TIMUR,BPD JAWA TIMUR CAPEM JATIROGO,69944421 TK DHARMA WANITA,Bersedia Menerima,Siang,Belum Bersertifikat,Lainnya,450,Lainnya,DESA DINGIL JATIROGO,26 / 7,krajan,Dingil,Kec. Jatirogo,Kab. Tuban,Prov. Jawa Timur,62362,0,0,2,3,0,0,0,0,0,0,0,0,0,3,0,1,0,0,0,0,0,0,0,0,0,0,0,0,0,0,0,0,0,0,0,0,0,0,0,0,0,0,3,3,1,48,19,29,2,2,0,0,0,0,0,0,1,1,0,0,0,0,0,0,2,2,0,0,0,0,0,0,0,0,0,0,0,0,2,2,,,,,,,,,,,,,,,,,,
050618,TK DHARMA WANITA,https://dapo.kemdikbud.go.id/sekolah/4E92CA872E0F497D4E33,http://sekolah.data.kemdikbud.go.id/index.php/chome/profil/0574795a-0a3c-4b38-84c3-4a3b65cc0da2,27 Mar 2023 10:23:17,B,Kurikulum 2013,20567003,Swasta,TK,Yayasan,,1900-01-01,421/0760/414.042/2002,2002-01-31,Tidak ada,BPD JAWA TIMUR,BPD JAWA TIMUR CAPEM JATIROGO,20567003 TK DHARMA WANITA,Bersedia Menerima,Pagi,Belum Bersertifikat,PLN,450,Tidak Ada,DS. KETODAN - JATIROGO,1 / 2,ketodan,Ketodan,Kec. Jatirogo,Kab. Tuban,Prov. Jawa Timur,62362,0,0,2,2,0,0,0,0,0,0,0,0,0,2,0,1,0,0,0,0,0,0,0,0,0,0,0,0,0,0,0,0,0,0,0,0,0,0,0,0,0,0,4,2,1,34,17,17,2,2,0,0,0,0,0,0,1,1,0,0,0,0,0,0,2,2,0,0,0,0,0,0,0,0,0,0,0,0,1,1,,,,,,,,,,,,,,,,,,
050618,TK DHARMA WANITA,https://dapo.kemdikbud.go.id/sekolah/841F3A42D7E96B35F0AB,http://sekolah.data.kemdikbud.go.id/index.php/chome/profil/3b0911c3-a7d7-414d-a929-57b651d5bd9a,08 Mar 2023 10:37:33,A,Kurikulum 2013,20566992,Swasta,TK,Yayasan,421/306/411.042.013/2001,2001-08-23,420/7883/oprs/414.101/2021,2021-10-01,Tidak ada,BPD JAWA TIMUR,BPD JAWA TIMUR CAPEM JATIROGO,20566992 TK DHARMA WANITA,Bersedia Menerima,Pagi,Belum Bersertifikat,PLN,450,Tidak Ada,DS. BESOWO - JATIROGO,5 / 1,,Besowo,Kec. Jatirogo,Kab. Tuban,Prov. Jawa Timur,62362,0,0,3,3,0,0,0,0,0,0,0,0,0,3,0,1,0,0,0,0,0,0,0,0,0,0,0,0,0,0,0,0,0,0,0,0,0,0,0,0,0,0,8,3,1,48,24,24,2,2,0,0,0,0,0,0,1,1,0,0,0,0,0,0,1,1,1,1,0,0,0,0,0,0,0,0,0,0,1,1,,,,,,,,,,,,,,,,,,
050618,TK DHARMA WANITA,https://dapo.kemdikbud.go.id/sekolah/11A7B2FC34A702F6DD22,http://sekolah.data.kemdikbud.go.id/index.php/chome/profil/93efc658-2ffa-420f-a650-685c9cdf858a,09 Mar 2023 21:01:31,C,Kurikulum 2013,20566991,Swasta,TK,Yayasan,421/0760/414.042/2002,2002-01-31,420/7900/Oprs/414.101/2021,2021-10-04,Tidak ada,BPD JAWA TIMUR,BPD JAWA TIMUR CAPEM JATIROGO,20566991 TK DHARMA WANITA,Bersedia Menerima,Pagi,9001,PLN,450,Tidak Ada,DESA. BADER -. JATIROGO,0 / 0,BADER,Bader,Kec. Jatirogo,Kab. Tuban,Prov. Jawa Timur,62362,-6,111,2,2,0,0,0,0,0,0,0,0,0,1,0,1,0,0,0,0,0,0,0,0,0,0,0,0,0,0,0,0,0,0,0,0,0,0,0,0,0,0,4,1,1,36,18,18,2,2,0,0,0,0,0,0,1,1,0,0,0,0,0,0,1,1,0,0,0,0,0,0,0,0,0,0,0,0,1,1,,,,,,,,,,,,,,,,,,
050618,TK DHARMA WANITA,https://dapo.kemdikbud.go.id/sekolah/350B4A570DA7D1B619CA,http://sekolah.data.kemdikbud.go.id/index.php/chome/profil/e85d8144-8cbb-4408-82c4-ec9ba07a3f44,03 Feb 2023 23:04:02,B,Kurikulum 2013,20567006,Swasta,TK,Yayasan,,1900-01-01,421/4622/414.042/2007,2007-06-06,Tidak ada,BPD JAWA TIMUR,BPD JAWA TIMUR CAPEM JATIROGO,20567006 TK DHARMA WANITA,Bersedia Menerima,Pagi,Belum Bersertifikat,PLN,900,Smartfren,DS. SEKARAN - JATIROGO,5 / 3,Dsn. Dukuhan,Sekaran,Kec. Jatirogo,Kab. Tuban,Prov. Jawa Timur,62362,0,0,2,2,0,0,0,0,0,0,0,0,0,1,0,1,0,0,0,0,0,0,0,0,0,0,0,0,0,0,0,0,0,0,0,0,0,0,0,0,0,0,1,1,1,35,21,14,2,2,0,0,0,0,0,0,1,1,0,0,0,0,0,0,1,1,0,0,0,0,0,0,0,0,0,0,0,0,1,1,,,,,,,,,,,,,,,,,,
050618,TK DHARMA WANITA,https://dapo.kemdikbud.go.id/sekolah/F899787C4B5F65439862,http://sekolah.data.kemdikbud.go.id/index.php/chome/profil/23da2a0b-a26d-4509-b057-f09de291d1f6,03 Feb 2023 13:08:24,B,Kurikulum 2013,20567002,Swasta,TK,Yayasan,,1900-01-01,421/0760/414.042/2002,2002-01-31,Tidak ada,BPD JAWA TIMUR,BPD JAWA TIMUR CAPEM JATIROGO,20567002 TK DHARMA WANITA,Bersedia Menerima,Pagi,Belum Bersertifikat,PLN,450,Smartfren,DS. KEDUNGMAKAM - JATIROGO,2 / 1,Mulyorejo,Kedungmakam,Kec. Jatirogo,Kab. Tuban,Prov. Jawa Timur,62362,0,0,2,2,0,0,0,0,0,0,0,0,0,1,0,1,0,0,0,0,0,0,0,0,0,0,0,0,0,0,0,0,0,0,0,0,0,0,0,0,0,0,2,1,1,40,27,13,2,2,0,0,0,0,0,0,1,1,1,1,0,0,0,0,1,1,0,0,0,0,0,0,0,0,0,0,0,0,1,1,,,,,,,,,,,,,,,,,,
050618,TK DHARMA WANITA,https://dapo.kemdikbud.go.id/sekolah/4A58C2CFE47B05D3285B,http://sekolah.data.kemdikbud.go.id/index.php/chome/profil/4fe089e6-96a6-47bb-ab3a-a2394371fe40,22 Jan 2023 05:28:30,B,Kurikulum 2013,69838929,Swasta,TK,Yayasan,421/0760/414.042/2002,2002-01-31,420/7901/Oprs/414.101/2021,2021-10-04,Tidak ada,BPD JAWA TIMUR,BPD JAWA TIMUR CAPEM JATIROGO,69838929 TK DHARMA WANITA,Bersedia Menerima,Pagi,Belum Bersertifikat,PLN,450,Tidak Ada,Desa Ngepon Jatirogo,1 / 3,NGEPON,Ngepon,Kec. Jatirogo,Kab. Tuban,Prov. Jawa Timur,62362,0,0,3,3,0,0,0,0,0,0,0,0,0,2,0,1,0,0,0,0,0,0,0,0,0,0,0,0,0,0,0,0,0,0,0,0,0,0,0,0,0,0,2,2,1,46,28,18,2,2,0,0,0,0,0,0,1,1,0,0,0,0,0,0,1,1,0,0,0,0,0,0,0,0,0,0,0,0,4,4,,,,,,,,,,,,,,,,,,
050618,TK DHARMA WANITA,https://dapo.kemdikbud.go.id/sekolah/783238B2FBA6987A8DD4,http://sekolah.data.kemdikbud.go.id/index.php/chome/profil/41f32068-f4ce-4c33-adca-c206fecef288,24 Jan 2023 05:19:24,B,Kurikulum 2013,20566998,Swasta,TK,Yayasan,,1900-01-01,421/0760/414.042/2002,2002-01-31,Tidak ada,BPD JAWA TIMUR,BPD JAWA TIMUR CAPEM JATIROGO,20566998 TK DHARMA WANITA,Bersedia Menerima,Pagi,Belum Bersertifikat,Tidak Ada,0,Telkomsel Flash,DESA JATIKLABANG - JATIROGO,3 / 3,Ngijo,Jatiklabang,Kec. Jatirogo,Kab. Tuban,Prov. Jawa Timur,62362,0,0,2,2,0,0,0,0,0,0,0,0,0,1,0,1,0,0,0,0,0,0,0,0,0,0,0,0,0,0,0,0,0,0,0,0,0,0,0,0,0,0,2,1,1,36,17,19,2,2,0,0,0,0,0,0,0,0,1,1,0,0,0,0,1,1,0,0,0,0,0,0,0,0,0,0,0,0,1,1,,,,,,,,,,,,,,,,,,
050618,TK DHARMA WANITA,https://dapo.kemdikbud.go.id/sekolah/FCA77779AD87F923C347,http://sekolah.data.kemdikbud.go.id/index.php/chome/profil/d4457119-d712-4f22-ab96-cd9179c004cb,24 Jan 2023 05:33:45,B,Kurikulum 2013,20567001,Swasta,TK,Yayasan,,1900-01-01,420/7878/Oprs/414.101/20222,2001-10-01,Tidak ada,BPD JAWA TIMUR,BPD JAWA TIMUR CAPEM JATIROGO,20567001 TK DHARMA WANITA,Bersedia Menerima,Pagi,Belum Bersertifikat,PLN,450,Smartfren,DS. JOMBOK - JATIROGO,3 / 2,JOMB0K,Jombok,Kec. Jatirogo,Kab. Tuban,Prov. Jawa Timur,62362,0,0,2,2,0,0,0,0,0,0,0,0,0,1,0,1,0,0,0,0,0,0,0,0,0,0,0,0,0,0,0,0,0,0,0,0,0,0,0,0,0,0,3,1,1,21,9,12,2,2,0,0,0,0,0,0,0,0,1,1,0,0,0,0,1,1,0,0,0,0,0,0,0,0,0,0,0,0,1,1,,,,,,,,,,,,,,,,,,
050618,TK DHARMA WANITA I,https://dapo.kemdikbud.go.id/sekolah/8499B051D218B5275364,http://sekolah.data.kemdikbud.go.id/index.php/chome/profil/4de60eb7-4d52-43f2-aa5a-6cac927cb841,10 Feb 2023 09:17:10,C,Kurikulum 2013,20566949,Swasta,TK,Yayasan,421/62930/414.042/2003,2003-06-02,420/7906/Oprs/414.101/2021,2021-10-04,Tidak ada,BPD JAWA TIMUR,BPD JAWA TIMUR CAPEM JATIROGO,20566949 TK DHARMA WANITA I,Bersedia Menerima,Pagi,Belum Bersertifikat,PLN,450,Smartfren,DS. SUGIHAN - JATIROGO,1 / 9,KRAJAN,Sugihan,Kec. Jatirogo,Kab. Tuban,Prov. Jawa Timur,62362,0,0,4,4,0,0,0,0,0,0,0,0,0,4,0,1,0,0,0,0,0,0,0,0,0,0,0,0,0,0,0,0,0,0,0,0,0,0,0,0,0,0,2,4,1,44,17,27,3,3,0,0,0,0,0,0,1,1,2,2,0,0,0,0,1,2,0,0,0,0,0,0,0,0,0,0,0,0,1,1,,,,,,,,,,,,,,,,,,
050618,TK DHARMA WANITA II,https://dapo.kemdikbud.go.id/sekolah/D823D5A12FE337A47FDB,http://sekolah.data.kemdikbud.go.id/index.php/chome/profil/39cfd622-7803-4399-a532-4958e35e72f4,22 Jan 2023 06:09:59,B,Kurikulum 2013,20566990,Swasta,TK,Yayasan,,1900-01-01,421/62930/414.042/2003,2003-06-02,Tidak ada,BPD JAWA TIMUR,BPD JAWA TIMUR CAPEM JATIROGO,20566990 TK DHARMA WANITA II,Bersedia Menerima,Sehari penuh (6 h/m),Belum Bersertifikat,PLN,0,Smartfren,DS. SUGIHAN - JATIROGO,2 / 2,KARANG ANYAR,Sugihan,Kec. Jatirogo,Kab. Tuban,Prov. Jawa Timur,62362,0,0,2,2,0,0,0,0,0,0,0,0,0,1,0,1,0,0,0,0,0,0,0,0,0,0,0,0,0,0,0,0,0,0,0,0,0,0,0,0,0,0,2,1,1,20,12,8,2,2,0,0,0,0,0,0,0,0,1,1,0,0,0,0,1,1,0,0,0,0,0,0,0,0,0,0,0,0,1,1,,,,,,,,,,,,,,,,,,
050618,TK DHARMA WANITA PASEYAN,https://dapo.kemdikbud.go.id/sekolah/1F61717584EA1AFCF1D0,http://sekolah.data.kemdikbud.go.id/index.php/chome/profil/96a08ed5-9258-41b2-991d-3f2eafbed5fe,10 Mar 2023 09:50:32,C,Kurikulum 2013,20567027,Swasta,TK,Yayasan,,,,,Tidak ada,BPD JAWA TIMUR,BPD JAWA TIMUR CAPEM JATIROGO,20567027 TK DHARMA WANITA,Bersedia Menerima,Pagi,Belum Bersertifikat,PLN,450,Tidak Ada,DS. PASEYAN - JATIROGO,1 / 6,BLANDONG,PASEYAN,Kec. Jatirogo,Kab. Tuban,Prov. Jawa Timur,62362,0,0,2,2,0,0,0,0,0,0,0,0,0,1,0,1,0,0,0,0,0,0,0,0,0,0,0,0,0,0,0,0,0,0,0,0,0,0,0,0,0,0,2,1,1,13,10,3,2,2,0,0,0,0,0,0,0,0,1,1,0,0,0,0,1,1,0,0,0,0,0,0,0,0,0,0,0,0,3,3,,,,,,,,,,,,,,,,,,
050618,TK DHARMA WANITA WANGI,https://dapo.kemdikbud.go.id/sekolah/48FFA914403D588C2199,http://sekolah.data.kemdikbud.go.id/index.php/chome/profil/bcffbf31-997b-4901-aa06-033ebf2cf113,01 Feb 2023 11:37:37,,Kurikulum 2013,20567011,Swasta,TK,Yayasan,,,,,Tidak ada,BPD JAWA TIMUR,BPD JAWA TIMUR CAPEM JATIROGO,20567011 TK DHARMA WANITA,Bersedia Menerima,Pagi,Belum Bersertifikat,,50,Tidak Ada,DS. WANGI - JATIROGO,3 / 4,WANGI,WANGI,Kec. Jatirogo,Kab. Tuban,Prov. Jawa Timur,62362,0,0,1,1,0,0,0,0,0,0,0,0,0,1,0,1,0,0,0,0,0,0,0,0,0,0,0,0,0,0,0,0,0,0,0,0,0,0,0,0,0,0,1,1,1,17,6,11,1,1,0,0,0,0,0,0,1,1,0,0,0,0,0,0,1,1,0,0,0,0,0,0,0,0,0,0,0,0,1,1,,,,,,,,,,,,,,,,,,
050618,TK DHARMA WANITA WOTSOGO,https://dapo.kemdikbud.go.id/sekolah/7EE6EDAA8179081C1E75,http://sekolah.data.kemdikbud.go.id/index.php/chome/profil/dbe4ee4d-7a78-45ac-b0cd-3a7477831294,23 Feb 2023 21:22:46,B,Kurikulum 2013,20567013,Swasta,TK,Yayasan,420/2589/414.101/2019,2019-04-23,420/7910/Oprs/414.101/2021,2021-10-04,Tidak ada,BPD JAWA TIMUR,BPD JAWA TIMUR CAPEM JATIROGO,20567013 TK DHARMA WANITA,Bersedia Menerima,Pagi,Belum Bersertifikat,PLN,1000,Indosat IM3,DS. WOTSOGO - JATIROGO,7 / 3,Wotsogo,Wotsogo,Kec. Jatirogo,Kab. Tuban,Prov. Jawa Timur,62362,-6,111,2,2,0,0,0,0,0,0,0,0,0,2,0,1,0,0,0,0,0,0,0,0,0,0,0,0,0,0,0,0,0,0,0,0,0,0,0,0,0,0,4,2,1,30,17,13,3,2,0,0,0,0,0,0,0,0,1,1,0,0,0,0,1,1,0,0,0,0,0,0,0,0,0,0,0,0,1,1,,,,,,,,,,,,,,,,,,
050618,TK ISLAM TERPADU AL USWAH,https://dapo.kemdikbud.go.id/sekolah/DBAADA7182F4DB888530,http://sekolah.data.kemdikbud.go.id/index.php/chome/profil/2f2cbde7-4a98-46c2-afd5-04e5d0481351,23 Mar 2023 19:50:23,B,Kurikulum 2013,20567069,Swasta,TK,Yayasan,421/6358/414.042/2007,2007-03-01,420/7911/Oprs/414.101/2021,2007-03-01,Tidak ada,BPD JAWA TIMUR,BPD JAWA TIMUR CAPEM JATIROGO,20567069 TK IT AL USWAH,Bersedia Menerima,Pagi,Belum Bersertifikat,PLN,900,Smartfren,Jl.RAYA BARAT SADANG - JATIROGO,1 / 8,KRECAAN,Sadang,Kec. Jatirogo,Kab. Tuban,Prov. Jawa Timur,62362,0,0,5,5,0,0,0,0,0,0,0,0,0,7,0,1,0,0,0,0,0,0,0,0,0,0,0,0,0,0,0,0,0,0,0,0,0,0,0,0,0,0,6,7,1,79,44,35,6,6,1,1,0,0,0,0,1,1,1,1,1,1,1,1,2,2,1,1,0,0,0,0,0,0,0,0,0,0,1,1,,,,,,,,,,,,,,,,,,
050618,TK MUSLIMAT,https://dapo.kemdikbud.go.id/sekolah/2E0755FB5CEA0D7609E8,http://sekolah.data.kemdikbud.go.id/index.php/chome/profil/acc14515-9063-4147-a057-7956ed53231f,31 Jan 2023 09:20:24,B,Kurikulum 2013,20567040,Swasta,TK,Yayasan,421/2053/414.042/2006,2006-01-10,420/7912/Oprs/414.101/2021,2001-10-04,Tidak ada,BPD JAWA TIMUR,BPD JAWA TIMUR CAPEM JATIROGO,20567040 TK MUSLIMAT,Bersedia Menerima,Pagi,Belum Bersertifikat,PLN,450,Indosat IM3,DESA JATIKLABANG - JATIROGO,1 / 1,klabang,Jatiklabang,Kec. Jatirogo,Kab. Tuban,Prov. Jawa Timur,62362,0,0,2,3,0,0,0,0,0,0,0,0,0,3,0,1,0,0,0,0,0,0,0,0,0,0,0,0,0,0,0,0,0,0,0,0,0,0,0,0,0,0,3,3,1,29,11,18,2,2,0,0,0,0,0,0,0,0,1,1,0,0,0,0,1,1,1,1,0,0,0,0,0,0,0,0,0,0,1,1,,,,,,,,,,,,,,,,,,
050618,TK MUSLIMAT KEBONHARJO,https://dapo.kemdikbud.go.id/sekolah/CED600CBEC6D35CB069C,http://sekolah.data.kemdikbud.go.id/index.php/chome/profil/259c990c-ff21-4f98-96cb-2fd318f8a7b9,27 Jan 2023 20:23:15,B,Kurikulum 2013,20567041,Swasta,TK,Yayasan,421/0760/414.042/2002,2002-01-31,420/7913/Oprs/414.101/2021,2021-10-04,Tidak ada,BPD JAWA TIMUR,BPD JAWA TIMUR CAPEM JATIROGO,20567041 TK MSLMT KEBONHARJO,Bersedia Menerima,Pagi,Belum Bersertifikat,PLN,900,Lainnya,DS. KEBONHARJO - JATIROGO,3 / 2,kebonharjo,Kebonharjo,Kec. Jatirogo,Kab. Tuban,Prov. Jawa Timur,62362,0,0,3,4,0,0,0,0,0,0,0,0,0,4,0,1,0,0,0,0,0,0,0,0,0,0,0,0,0,0,0,0,0,0,0,0,0,0,0,0,0,0,2,4,1,45,26,19,3,3,1,1,0,0,0,0,0,0,1,1,0,0,1,1,3,3,1,1,0,0,0,0,0,0,0,0,0,0,3,2,,,,,,,,,,,,,,,,,,
050618,TK MUSLIMAT NU,https://dapo.kemdikbud.go.id/sekolah/E41B01195E13C1691363,http://sekolah.data.kemdikbud.go.id/index.php/chome/profil/988d567e-f0f3-4e25-85c8-8801929816a9,08 Mar 2023 17:56:05,B,Kurikulum 2013,20567043,Swasta,TK,Yayasan,421/0760/414.042/2002,2002-01-31,420/7914/Oprs/414.101/2021,2020-10-04,Tidak ada,BPD JAWA TIMUR,BPD JAWA TIMUR CAPEM JATIROGO,20567043 TK MUSLIMAT NU,Bersedia Menerima,Pagi,Belum Bersertifikat,PLN,900,Telkomsel Flash,JL. KAUMAN WOTSOGO - JATIROGO,2 / 5,Klangon,Wotsogo,Kec. Jatirogo,Kab. Tuban,Prov. Jawa Timur,62362,0,0,6,6,0,0,0,0,0,0,0,0,0,5,0,1,0,0,0,0,0,0,0,0,0,0,0,0,0,0,0,0,0,0,0,0,0,0,0,0,0,0,4,5,1,94,50,44,6,6,0,0,0,0,0,0,0,0,1,1,0,0,0,0,2,2,1,1,0,0,0,0,0,0,0,0,0,0,2,2,,,,,,,,,,,,,,,,,,
050618,TK MUSLIMAT NU,https://dapo.kemdikbud.go.id/sekolah/666A62A6973DC2BC1AFA,http://sekolah.data.kemdikbud.go.id/index.php/chome/profil/f62b6f82-d721-43a9-8310-dd9f20ed9909,30 Jan 2023 22:58:22,B,Kurikulum 2013,20567045,Swasta,TK,Yayasan,,1900-01-01,421/62930/414.042/2003,2003-06-02,Tidak ada,BPD JAWA TIMUR,BPD JAWA TIMUR CAPEM JATIROGO,20567045 TK MUSLIMAT NU,Bersedia Menerima,Pagi,Belum Bersertifikat,PLN,450,Tidak Ada,DS. SUGIHAN - JATIROGO,1 / 6,Krajan,Sugihan,Kec. Jatirogo,Kab. Tuban,Prov. Jawa Timur,62362,0,0,4,4,0,0,0,0,0,0,0,0,0,3,0,1,0,0,0,0,0,0,0,0,0,0,0,0,0,0,0,0,0,0,0,0,0,0,0,0,0,0,1,3,1,62,38,24,5,5,0,0,0,0,0,0,0,0,1,1,0,0,0,0,1,1,1,1,0,0,0,0,0,0,0,0,0,0,1,1,,,,,,,,,,,,,,,,,,
050618,TK MUSLIMAT NU 10,https://dapo.kemdikbud.go.id/sekolah/929C14971AF942CF773B,http://sekolah.data.kemdikbud.go.id/index.php/chome/profil/f762151b-9dde-4ed1-99cd-f4f89db14311,08 Mar 2023 06:01:10,B,Kurikulum 2013,20567042,Swasta,TK,Yayasan,421/6358/414.042/2007,2007-08-01,420/7935/Oprs/414.101/2021,2021-10-05,Tidak ada,BPD JAWA TIMUR,BPD JAWA TIMUR CAPEM JATIROGO,20567042 TK MUSLIMAT NU 10,Bersedia Menerima,Pagi,Belum Bersertifikat,PLN,450,Smartfren,DS. SIDOMULYO - JATIROGO,2 / 2,muruni,Sidomulyo,Kec. Jatirogo,Kab. Tuban,Prov. Jawa Timur,62362,0,0,2,2,0,0,0,0,0,0,0,0,0,2,0,1,0,0,0,0,0,0,0,0,0,0,0,0,0,0,0,0,0,0,0,0,0,0,0,0,0,0,3,2,1,31,23,8,2,2,0,0,0,0,0,0,0,0,1,1,1,1,0,0,1,1,0,0,0,0,0,0,0,0,0,0,0,0,1,1,,,,,,,,,,,,,,,,,,
050618,TK TUNAS  MULIA,https://dapo.kemdikbud.go.id/sekolah/1C3E1655DCB5FAB4DD91,http://sekolah.data.kemdikbud.go.id/index.php/chome/profil/301b69b8-89fa-492b-87a4-5c7ad8da58f0,29 Jan 2023 17:17:00,C,Kurikulum 2013,20566950,Swasta,TK,Yayasan,421/4622/414.042/2007,2007-06-06,420/7936/Oprs/414.101/2021,2021-10-05,Tidak ada,BPD JAWA TIMUR,BPD JAWA TIMUR CAPEM JATIROGO,20566950 TK TUNAS MULIA,Bersedia Menerima,Pagi,Belum Bersertifikat,PLN,450,Indosat IM3,DS. SIDOMULYO - JATIROGO,3 / 1,MURUNI,Sidomulyo,Kec. Jatirogo,Kab. Tuban,Prov. Jawa Timur,62362,0,0,2,2,0,0,0,0,0,0,0,0,0,2,0,1,0,0,0,0,0,0,0,0,0,0,0,0,0,0,0,0,0,0,0,0,0,0,0,0,0,0,3,2,1,22,10,12,2,2,0,0,0,0,0,0,0,0,1,1,0,0,0,0,2,2,0,0,0,0,0,0,0,0,0,0,0,0,1,1,,,,,,,,,,,,,,,,,,
050618,TK TUNAS RIMBA,https://dapo.kemdikbud.go.id/sekolah/802CFF6C9345C14A089F,http://sekolah.data.kemdikbud.go.id/index.php/chome/profil/dbc5eca2-d113-49a4-a4ac-ea34ad00d716,31 Jan 2023 21:29:42,B,Kurikulum 2013,20567067,Swasta,TK,Yayasan,420/346/414.101/2018,2018-01-16,420/7937/Oprs/414.101/2021,2021-10-05,Tidak ada,BPD JAWA TIMUR,BPD JAWA TIMUR CAPEM JATIROGO,20567067 TK TUNAS RIMBA,Bersedia Menerima,Pagi,Belum Bersertifikat,PLN,450,Tidak Ada,JL.RAYA BARAT NO.295 - JATIROGO,0 / 0,WOTSOGO,Wotsogo,Kec. Jatirogo,Kab. Tuban,Prov. Jawa Timur,62362,-6,111,4,4,0,0,0,0,0,0,0,0,0,4,0,1,0,0,0,0,0,0,0,0,0,0,0,0,0,0,0,0,0,0,0,0,0,0,0,0,0,0,1,4,1,61,28,33,4,4,0,0,0,0,0,0,0,0,1,1,0,0,0,0,2,2,0,0,0,0,0,0,0,0,0,0,0,0,1,1,,,,,,,,,,,,,,,,,,
050618,TK TUNAS RIMBA I,https://dapo.kemdikbud.go.id/sekolah/57EAD4E11830D7DF17FC,http://sekolah.data.kemdikbud.go.id/index.php/chome/profil/e7fca2f3-4ec9-4ff9-8f18-358d3a7dddef,10 Mar 2023 08:01:49,B,Kurikulum 2013,20567066,Swasta,TK,Yayasan,,1900-01-01,420/347/414.101/2017,2017-01-16,Tidak ada,BPD JAWA TIMUR,BPD JAWA TIMUR CAPEM JATIROGO,20567066 TK TUNAS RIMBA I,Bersedia Menerima,Sehari penuh (5 h/m),9001,PLN,900,Telkom Speedy,Jl.Jatirogo - Lasem No. 48 Ds.Kebonharjo Kec.Jatirogo,1 / 1,SUWEDANG,Kebonharjo,Kec. Jatirogo,Kab. Tuban,Prov. Jawa Timur,62362,0,0,7,7,0,0,0,0,0,0,0,0,0,6,0,1,0,0,0,0,0,0,0,0,0,0,0,0,0,0,0,0,0,0,0,0,0,0,0,0,0,0,8,6,1,98,45,53,7,7,0,0,0,0,0,0,1,1,1,1,0,0,1,1,1,1,1,1,0,0,0,0,0,0,0,0,0,0,1,1,,,,,,,,,,,,,,,,,,
050618,KB  HARAPAN IBU,https://dapo.kemdikbud.go.id/sekolah/717CD09061C3AA16695F,http://sekolah.data.kemdikbud.go.id/index.php/chome/profil/a4307107-a936-4ee9-b129-4e5a1c726459,01 Feb 2023 20:50:37,A,Kurikulum 2013,69839357,Swasta,KB,Yayasan,29/PKK/I/2016,2016-01-03,420/7835/Oprs/414.101/2021,2021-09-30,Tidak ada,BPD JAWA TIMUR,BPD JAWA TIMUR CAPEM JATIROGO,69839357 KB HARAPAN IBU,Bersedia Menerima,Sehari penuh (5 h/m),Belum Bersertifikat,PLN,450,Smartfren,Desa Demit Kecamatan Jatirogo,3 / 2,Demit,Demit,Kec. Jatirogo,Kab. Tuban,Prov. Jawa Timur,62362,0,0,2,2,0,0,0,0,0,0,0,0,0,2,0,1,0,0,0,0,0,0,0,0,0,0,0,0,0,0,0,0,0,0,0,0,0,0,0,0,0,0,2,2,1,26,16,10,1,1,0,0,0,0,0,0,1,1,1,1,0,0,0,0,1,1,0,0,0,0,0,0,0,0,0,0,0,0,1,1,,,,,,,,,,,,,,,,,,
050618,KB ANAK MUSLIM,https://dapo.kemdikbud.go.id/sekolah/6489FF3258AF9BF9123F,http://sekolah.data.kemdikbud.go.id/index.php/chome/profil/aa5a8e9f-dfbe-43c5-ac0f-cbfd748a605a,02 Feb 2023 13:17:35,,Kurikulum 2013,69839350,Swasta,KB,Yayasan,01/P.PG AM.NU/I/2016,2016-01-06,420/7836/Oprs/414.101/2021,2021-09-30,Tidak ada,BPD JAWA TIMUR,BPD JAWA TIMUR CAPEM JATIROGO,69839350 KB ANAK MUSLIM,Bersedia Menerima,Pagi,Belum Bersertifikat,PLN,900,Telkomsel Flash,Desa Wotsogo Kecamatan Jatirogo,2 / 5,klangon,Wotsogo,Kec. Jatirogo,Kab. Tuban,Prov. Jawa Timur,62362,-6,111,2,2,0,0,0,0,0,0,0,0,0,2,0,1,0,0,0,0,0,0,0,0,0,0,0,0,0,0,0,0,0,0,0,0,0,0,0,0,0,0,2,2,1,19,9,10,2,2,0,0,0,0,0,0,0,0,1,1,0,0,0,0,1,1,0,0,0,0,0,0,0,0,0,0,0,0,1,1,,,,,,,,,,,,,,,,,,
050618,KB ANAK SHOLEH,https://dapo.kemdikbud.go.id/sekolah/3F1AEE27183BA3C3A72A,http://sekolah.data.kemdikbud.go.id/index.php/chome/profil/5a84c69a-34df-45a6-93fc-998aa015bfec,06 Feb 2023 20:15:28,,Kurikulum 2013,69839359,Swasta,KB,Yayasan,400/5841/414.042/SK/2005,2005-12-02,420/1459/414.101/2017,2017-03-10,Tidak ada,BPD JAWA TIMUR,BPD JAWA TIMUR CAPEM JATIROGO,69839359 KB ANAK SHOLEH,Bersedia Menerima,Pagi,Belum Bersertifikat,PLN,450,Indosat IM3,Desa Sugihan Kecamatan Jatirogo,1 / 6,Krajan,Sugihan,Kec. Jatirogo,Kab. Tuban,Prov. Jawa Timur,62362,-6,111,2,2,0,0,0,0,0,0,0,0,0,1,0,1,0,0,0,0,0,0,0,0,0,0,0,0,0,0,0,0,0,0,0,0,0,0,0,0,0,0,3,1,1,15,5,10,1,1,0,0,0,0,0,0,0,0,1,1,1,1,0,0,1,1,0,0,0,0,0,0,0,0,0,0,0,0,1,1,,,,,,,,,,,,,,,,,,
050618,KB AZ-ZAHRO,https://dapo.kemdikbud.go.id/sekolah/D29B1BB5B59600D17F1F,http://sekolah.data.kemdikbud.go.id/index.php/chome/profil/64ebb24f-6b38-421d-9a0f-2e65c734d74f,05 Feb 2023 08:00:36,B,Kurikulum 2013,69839367,Swasta,KB,Pemerintah Pusat,009/A/PCFNU/SK/VII/2011,2011-07-09,420/8041/414.050/SK/2011,2011-07-09,Tidak ada,BPD JAWA TIMUR,BPD JAWA TIMUR CAPEM JATIROGO,69839367 KB AZ ZAHRO,Bersedia Menerima,Pagi,Belum Bersertifikat,PLN,450,Smartfren,SALAM,2 / 5,SALAM,Ngepon,Kec. Jatirogo,Kab. Tuban,Prov. Jawa Timur,62362,0,0,2,2,0,0,0,0,0,0,0,0,0,1,0,1,0,0,0,0,0,0,0,0,0,0,0,0,0,0,0,0,0,0,0,0,0,0,0,0,0,0,1,1,1,21,9,12,1,1,0,0,0,0,0,0,1,1,1,1,0,0,1,1,1,1,0,0,0,0,0,0,0,0,0,0,0,0,1,1,,,,,,,,,,,,,,,,,,
050618,KB BINA ANAK CERIA,https://dapo.kemdikbud.go.id/sekolah/DBB239F2F153A3DA4036,http://sekolah.data.kemdikbud.go.id/index.php/chome/profil/21ea442d-e088-4b27-aa0d-f5cf5af500da,09 Mar 2023 05:49:16,B,Kurikulum 2013,69839361,Swasta,KB,Yayasan,01/PKK/I/2016,2016-01-06,420/7839/Oprs/414.101/2021,2017-03-10,Tidak ada,BPD JAWA TIMUR,BPD JAWA TIMUR CAPEM JATIROGO,69839361 KB BINA ANAK CERIA,Bersedia Menerima,Pagi,Belum Bersertifikat,PLN,450,Smartfren,Desa Sadang Kecamatan Jatirogo,0 / 0,Sadang,Sadang,Kec. Jatirogo,Kab. Tuban,Prov. Jawa Timur,62362,-6,111,5,5,0,0,0,0,0,0,0,0,0,5,0,1,0,0,0,0,0,0,0,0,0,0,0,0,0,0,0,0,0,0,0,0,0,0,0,0,0,0,3,5,1,19,5,14,2,2,0,0,0,0,0,0,0,0,1,1,0,0,0,0,3,3,1,1,0,0,0,0,0,0,0,0,0,0,1,1,,,,,,,,,,,,,,,,,,
050618,KB BINA ANAK SHOLEH,https://dapo.kemdikbud.go.id/sekolah/FD10803C5E688D0AF46C,http://sekolah.data.kemdikbud.go.id/index.php/chome/profil/a4fcbdec-ef81-4198-bcca-85da193be821,02 Feb 2023 11:51:48,B,Kurikulum 2013,69839351,Swasta,KB,Yayasan,012/Y.AL UM/I/2016,2016-01-06,420/1550/414.101/SK/2017,2017-03-15,Tidak ada,BPD JAWA TIMUR,BPD JAWA TIMUR CAPEM JATIROGO,69839351 KB BINA ANAK SHOLEH,Bersedia Menerima,Sehari penuh (5 h/m),Belum Bersertifikat,PLN,900,Smartfren,Desa Wotsogo Kecamatan Jatirogo,2 / 8,WOTSOGO,Wotsogo,Kec. Jatirogo,Kab. Tuban,Prov. Jawa Timur,62362,-6,111,4,4,0,0,0,0,0,0,0,0,0,5,0,1,0,0,0,0,0,0,0,0,0,0,0,0,0,0,0,0,0,0,0,0,0,0,0,0,0,0,4,5,1,69,32,37,4,4,1,1,1,1,0,0,1,1,1,1,1,1,0,0,1,1,0,0,0,0,0,0,0,0,0,0,0,0,3,3,,,,,,,,,,,,,,,,,,
050618,KB BUNDA MULIA,https://dapo.kemdikbud.go.id/sekolah/CEDBB3AB53625093B223,http://sekolah.data.kemdikbud.go.id/index.php/chome/profil/ba4d3061-93f7-4a8e-a9cd-afcc0d089341,26 Feb 2023 12:08:36,Belum Terakreditasi,Kurikulum 2013,69839354,Swasta,KB,Yayasan,10/PKK/I/2016,2016-01-06,420/1462/414101/2017,2017-03-10,Tidak ada,BPD JAWA TIMUR,BPD JAWA TIMUR CAPEM JATIROGO,69839354 KB BUNDA MULIA,Bersedia Menerima,Pagi,Belum Bersertifikat,PLN,900,Telkomsel Flash,Desa Sidomulyo Kecamatan Jatirogo,2 / 1,muruni,Sidomulyo,Kec. Jatirogo,Kab. Tuban,Prov. Jawa Timur,62362,0,0,1,1,0,0,0,0,0,0,0,0,0,1,0,1,0,0,0,0,0,0,0,0,0,0,0,0,0,0,0,0,0,0,0,0,0,0,0,0,0,0,4,1,1,15,7,8,2,2,0,0,0,0,0,0,1,1,1,1,0,0,0,0,1,1,1,1,0,0,0,0,0,0,0,0,0,0,1,1,,,,,,,,,,,,,,,,,,
050618,KB BUNGA BANGSA,https://dapo.kemdikbud.go.id/sekolah/11A57FF6894D8CF1BD65,http://sekolah.data.kemdikbud.go.id/index.php/chome/profil/1233d482-a4b8-49d5-ad99-58ca5de09293,07 Feb 2023 11:18:10,,Kurikulum 2013,69839358,Swasta,KB,Yayasan,12/PKK/I/2016,2016-01-06,420/1466/414.101/2017,2017-03-10,Tidak ada,BPD JAWA TIMUR,BPD JAWA TIMUR CAPEM JATIROGO,69839358 KB BUNGA BANGSA,Bersedia Menerima,Pagi,Proses Sertifikasi,PLN,900,Tidak Ada,Desa Sugihan Kecamatan Jatirogo,/,Karanganyar,Sugihan,Kec. Jatirogo,Kab. Tuban,Prov. Jawa Timur,62362,0,0,1,1,0,0,0,0,0,0,0,0,0,1,0,1,0,0,0,0,0,0,0,0,0,0,0,0,0,0,0,0,0,0,0,0,0,0,0,0,0,0,2,1,1,12,2,10,1,1,0,0,0,0,0,0,0,0,1,1,0,0,0,0,1,1,1,1,0,0,0,0,0,0,0,0,0,0,1,1,,,,,,,,,,,,,,,,,,
050618,KB DHARMA WANITA I SUGIHAN,https://dapo.kemdikbud.go.id/sekolah/10D998932D7491DE74D8,http://sekolah.data.kemdikbud.go.id/index.php/chome/profil/d48661fd-10ed-4c50-9e71-10c94991f851,24 Jan 2023 11:06:30,,Kurikulum 2013,69858134,Swasta,KB,Yayasan,,,420/2210/414.050/SK/2014,,Tidak ada,BPD JAWA TIMUR,BPD JAWA TIMUR CAPEM JATIROGO,69858134 KB DHARMA WANITA I,Bersedia Menerima,Pagi,Belum Bersertifikat,,0,Telkomsel Flash,DUSUN KRAJAN RT O1/RW 09,1 / 9,KRAJAN,SUGIHAN,Kec. Jatirogo,Kab. Tuban,Prov. Jawa Timur,62362,0,0,1,1,0,0,0,0,0,0,0,0,0,0,0,1,0,0,0,0,0,0,0,0,0,0,0,0,0,0,0,0,0,0,0,0,0,0,0,0,0,0,2,0,1,21,11,10,1,1,0,0,0,0,0,0,1,1,1,1,0,0,0,0,1,1,0,0,0,0,0,0,0,0,0,0,0,0,1,1,,,,,,,,,,,,,,,,,,
050618,KB HARAPAN KITA,https://dapo.kemdikbud.go.id/sekolah/2D1F4D4638562546FBC9,http://sekolah.data.kemdikbud.go.id/index.php/chome/profil/e8b37544-1899-47b9-b290-03ab6ea256c5,27 Jan 2023 14:48:02,,Kurikulum 2013,69839349,Swasta,KB,Yayasan,04/PKK/I/2016,2016-01-06,420/7843/Oprs/414.101/2021,2021-09-30,Tidak ada,BPD JAWA TIMUR,BPD JAWA TIMUR CAPEM JATIROGO,69839349 KB HARAPAN KITA,Bersedia Menerima,Pagi,Belum Bersertifikat,PLN,450,Smartfren,Desa Jombok Kecamatan Jatirogo,4 / 2,Jombok,Jombok,Kec. Jatirogo,Kab. Tuban,Prov. Jawa Timur,62362,0,0,1,1,0,0,0,0,0,0,0,0,0,1,0,1,0,0,0,0,0,0,0,0,0,0,0,0,0,0,0,0,0,0,0,0,0,0,0,0,0,0,2,1,1,13,6,7,1,1,0,0,0,0,0,0,0,0,0,0,0,0,0,0,1,1,0,0,0,0,0,0,0,0,0,0,0,0,1,1,,,,,,,,,,,,,,,,,,
050618,KB ISLAM TERPADU AL-USWAH,https://dapo.kemdikbud.go.id/sekolah/29CBC871F42FADA94FE7,http://sekolah.data.kemdikbud.go.id/index.php/chome/profil/272aff6c-133c-40df-84ee-c1bad2a95f76,03 Feb 2023 19:29:45,B,Kurikulum 2013,69839360,Swasta,KB,Yayasan,001/LPIT USWAH/I/2016,2016-01-06,420/7844/Oprs/414.101/2021,2017-03-10,Tidak ada,BPD JAWA TIMUR,BPD JAWA TIMUR CAPEM JATIROGO,69839360 KB IT AL USWAH,Bersedia Menerima,Sehari penuh (5 h/m),Belum Bersertifikat,PLN,900,Smartfren,Desa Sadang Kecamatan Jatirogo,1 / 8,SADANG,Sadang,Kec. Jatirogo,Kab. Tuban,Prov. Jawa Timur,62362,-5,114,2,2,0,0,0,0,0,0,0,0,0,4,0,1,0,0,0,0,0,0,0,0,0,0,0,0,0,0,0,0,0,0,0,0,0,0,0,0,0,0,1,4,1,41,28,13,2,2,1,1,1,1,0,0,1,1,1,1,1,1,0,0,2,2,1,1,0,0,0,0,0,0,0,0,0,0,1,1,,,,,,,,,,,,,,,,,,
050618,KB ISTANA CERIA,https://dapo.kemdikbud.go.id/sekolah/6A1050484B0B50BFDEAF,http://sekolah.data.kemdikbud.go.id/index.php/chome/profil/0d28ce5f-b548-418d-83ca-e87d780e8e4f,08 Mar 2023 19:20:23,,Kurikulum 2013,69839362,Swasta,KB,Yayasan,12/PKK/I/2016,2016-01-06,420/7845/Oprs/414.101/2021,2021-09-30,Tidak ada,BPD JAWA TIMUR,BPD JAWA TIMUR CAPEM JATIROGO,69839362 KB ISTANA CERIA,Bersedia Menerima,Pagi,Belum Bersertifikat,PLN,450,Telkomsel Flash,Desa Bader Kecamatan Jatirogo,2 / 2,BADER,Bader,Kec. Jatirogo,Kab. Tuban,Prov. Jawa Timur,62362,0,0,1,1,0,0,0,0,0,0,0,0,0,1,0,1,0,0,0,0,0,0,0,0,0,0,0,0,0,0,0,0,0,0,0,0,0,0,0,0,0,0,4,1,1,27,13,14,1,1,0,0,0,0,0,0,1,1,0,0,0,0,0,0,1,1,0,0,0,0,0,0,0,0,0,0,0,0,1,1,,,,,,,,,,,,,,,,,,
050618,KB JOGLO MUSLIMAT NU,https://dapo.kemdikbud.go.id/sekolah/A814D4E4301DCD8143F8,http://sekolah.data.kemdikbud.go.id/index.php/chome/profil/b29b3044-ca53-481a-a280-9fa251c3037c,30 Jan 2023 21:35:51,C,Kurikulum 2013,69907959,Swasta,KB,Yayasan,1380/YPMNU/PC/VI/2014,2014-10-01,420/1612/414.050/SK/2015,2015-04-02,Tidak ada,BPD JAWA TIMUR,BPD JAWA TIMUR CAPEM JATIROGO,69907959 KB JOGLO MUSLIMAT NU,Bersedia Menerima,Pagi,9001,PLN,900,Telkom Speedy,DESA SIDOMULYO,2 / 3,Muruni,Sidomulyo,Kec. Jatirogo,Kab. Tuban,Prov. Jawa Timur,62362,0,0,2,1,0,0,0,0,0,0,0,0,0,1,0,1,0,0,0,0,0,0,0,0,0,0,0,0,0,0,0,0,0,0,0,0,0,0,0,0,0,0,2,1,1,27,10,17,1,1,0,0,0,0,0,0,0,0,1,1,1,1,0,0,1,3,0,0,0,0,0,0,0,0,0,0,0,0,1,1,,,,,,,,,,,,,,,,,,
050618,KB KASIH IBU,https://dapo.kemdikbud.go.id/sekolah/8745D0BEF5144B9EBB76,http://sekolah.data.kemdikbud.go.id/index.php/chome/profil/aab1f050-72e0-4fb9-8a78-fc35907616ae,26 Jan 2023 22:42:09,C,Kurikulum 2013,69839363,Swasta,KB,Yayasan,1/PKK/I/2016,2016-01-06,42O/7847/Oprs/414.101/2021,2021-09-30,Tidak ada,BPD JAWA TIMUR,BPD JAWA TIMUR CAPEM JATIROGO,69839363 KB KASIH IBU,Bersedia Menerima,Sehari penuh (5 h/m),Belum Bersertifikat,Lainnya,450,Telkomsel Flash,Desa Paseyan Kecamatan Jatirogo,1 / 6,Paseyan,Paseyan,Kec. Jatirogo,Kab. Tuban,Prov. Jawa Timur,62362,-6,111,2,2,0,0,0,0,0,0,0,0,0,2,0,1,0,0,0,0,0,0,0,0,0,0,0,0,0,0,0,0,0,0,0,0,0,0,0,0,0,0,2,2,1,31,16,15,1,1,0,0,0,0,0,0,0,0,1,1,0,0,0,0,1,2,0,0,0,0,0,0,0,0,0,0,0,0,1,1,,,,,,,,,,,,,,,,,,
050618,KB KUNCUP HARAPAN,https://dapo.kemdikbud.go.id/sekolah/925BB2C8A1DA38CDD020,http://sekolah.data.kemdikbud.go.id/index.php/chome/profil/54153a37-4180-42c8-ac43-0054ec2fb753,30 Jan 2023 11:03:42,,Kurikulum 2013,69839366,Swasta,KB,Yayasan,08/PKK/I/2016,2016-01-06,420/7848/Oprs/414.101/2021,2021-09-30,Tidak ada,BPD JAWA TIMUR,BPD JAWA TIMUR CAPEM JATIROGO,69839366 KB KUNCUP HARAPAN,Bersedia Menerima,Sehari penuh (5 h/m),Belum Bersertifikat,PLN,450,Smartfren,Desa Ketodan Kecamatan Jatirogo,1 / 1,SAMPURNO,Ketodan,Kec. Jatirogo,Kab. Tuban,Prov. Jawa Timur,62362,-5,114,2,2,0,0,0,0,0,0,0,0,0,1,0,1,0,0,0,0,0,0,0,0,0,0,0,0,0,0,0,0,0,0,0,0,0,0,0,0,0,0,2,1,1,29,14,15,1,1,0,0,0,0,0,0,0,0,1,1,0,0,0,0,3,3,0,0,0,0,0,0,0,0,0,0,0,0,1,1,,,,,,,,,,,,,,,,,,
050618,KB MIFTAKHUL ULUM,https://dapo.kemdikbud.go.id/sekolah/ED119A1DFAC7FC32654A,http://sekolah.data.kemdikbud.go.id/index.php/chome/profil/31faa10a-dbe8-486a-b286-ea8bf1a7ff24,04 Feb 2023 20:49:31,C,Kurikulum 2013,69839355,Swasta,KB,Yayasan,011/PKK/I/2016,2016-01-06,420/1454/414.101/2017,2017-03-10,Tidak ada,BPD JAWA TIMUR,BPD JAWA TIMUR CAPEM JATIROGO,69839355 KB MIFTAKHUL ULUM,Bersedia Menerima,Pagi,Belum Bersertifikat,PLN,450,Tidak Ada,Desa Jatiklabang Kecamatan Jatirogo,1 / 2,ngijo,Jatiklabang,Kec. Jatirogo,Kab. Tuban,Prov. Jawa Timur,62362,0,0,1,1,0,0,0,0,0,0,0,0,0,1,0,1,0,0,0,0,0,0,0,0,0,0,0,0,0,0,0,0,0,0,0,0,0,0,0,0,0,0,2,1,1,10,4,6,1,1,0,0,0,0,0,0,0,0,1,1,0,0,0,0,0,0,0,0,0,0,0,0,0,0,0,0,0,0,1,1,,,,,,,,,,,,,,,,,,
050618,KB PERMATA BUNDA,https://dapo.kemdikbud.go.id/sekolah/BB819E951CF79EFE9A72,http://sekolah.data.kemdikbud.go.id/index.php/chome/profil/9e3bf5f2-0007-46b7-ad54-3b186d1f393f,19 Mar 2023 16:12:57,B,Kurikulum 2013,69839368,Swasta,KB,Yayasan,08/PKK/I/2016,2016-01-06,420/1450/414.101/2017,2017-03-10,Tidak ada,BPD JAWA TIMUR,BPD JAWA TIMUR CAPEM JATIROGO,69839368 KB PERMATA BUNDA,Bersedia Menerima,Pagi,Belum Bersertifikat,PLN,450,,Desa Ngepon  Kecamatan Jatirogo,1 / 2,Ngepon,Ngepon,Kec. Jatirogo,Kab. Tuban,Prov. Jawa Timur,62632,-6,111,1,1,0,0,0,0,0,0,0,0,0,1,0,1,0,0,0,0,0,0,0,0,0,0,0,0,0,0,0,0,0,0,0,0,0,0,0,0,0,0,3,1,1,14,7,7,1,1,0,0,0,0,0,0,0,0,1,1,0,0,0,0,2,2,0,0,0,0,0,0,0,0,0,0,0,0,1,1,,,,,,,,,,,,,,,,,,
050618,KB PERMATA HATI,https://dapo.kemdikbud.go.id/sekolah/63402AFA974FE625BCC2,http://sekolah.data.kemdikbud.go.id/index.php/chome/profil/fc124628-2f65-4cd5-8738-62ac2bb74d58,19 Mar 2023 15:45:16,B,Kurikulum 2013,69839483,Swasta,KB,Yayasan,08/PKK/I/2016,2016-01-06,420/7851/Oprs/414.101/2021,2021-09-30,Tidak ada,BPD JAWA TIMUR,BPD JAWA TIMUR CAPEM JATIROGO,69839483 KB PERMATA HATI,Bersedia Menerima,Sehari penuh (5 h/m),Belum Bersertifikat,PLN,450,Smartfren,Desa Besowo Kecamatan Jatirogo,1 / 2,BESOWO,Besowo,Kec. Jatirogo,Kab. Tuban,Prov. Jawa Timur,62362,0,0,2,2,0,0,0,0,0,0,0,0,0,1,0,1,0,0,0,0,0,0,0,0,0,0,0,0,0,0,0,0,0,0,0,0,0,0,0,0,0,0,4,1,1,27,16,11,1,1,0,0,0,0,0,0,0,0,1,1,0,0,0,0,2,2,0,0,0,0,0,0,0,0,0,0,0,0,1,1,,,,,,,,,,,,,,,,,,
050618,KB PERMATA HATI,https://dapo.kemdikbud.go.id/sekolah/1A80EB54F35FC40E2FA3,http://sekolah.data.kemdikbud.go.id/index.php/chome/profil/ca1d2792-7ddb-4803-8416-97705a9bab96,31 Jan 2023 17:19:59,B,Kurikulum 2013,69839364,Swasta,KB,Yayasan,AHU-8307.AH.01.04.Tahun 2011,2011-12-09,420/7852/Oprs/414.101/2021,2021-09-30,Tidak ada,BPD JAWA TIMUR,BPD JAWA TIMUR CAPEM JATIROGO,69839364 KB PERMATA HATI,Bersedia Menerima,Sehari penuh (5 h/m),Belum Bersertifikat,PLN,450,Telkomsel Flash,Desa Kebonharjo Kecamatan Jatirogo,2 / 4,KEBEN,Kebonharjo,Kec. Jatirogo,Kab. Tuban,Prov. Jawa Timur,62362,-6,111,3,3,0,0,0,0,0,0,0,0,0,3,0,1,0,0,0,0,0,0,0,0,0,0,0,0,0,0,0,0,0,0,0,0,0,0,0,0,0,0,2,3,1,39,18,21,2,2,0,0,0,0,0,0,0,0,1,1,0,0,1,1,1,1,1,1,0,0,0,0,0,0,0,0,0,0,1,1,,,,,,,,,,,,,,,,,,
050618,KB SEKAR MULIA,https://dapo.kemdikbud.go.id/sekolah/57DD2E390975F5964384,http://sekolah.data.kemdikbud.go.id/index.php/chome/profil/99871565-3fdb-4088-80c4-d7a7a21b374b,03 Feb 2023 05:25:00,,Kurikulum 2013,69839370,Swasta,KB,Yayasan,09/PKK/I/2016,2016-01-06,420/7853/Oprs/414.101//2021,2021-09-30,Tidak ada,BPD JAWA TIMUR,BPD JAWA TIMUR CAPEM JATIROGO,69839370 KB SEKAR MULIA,Bersedia Menerima,Pagi,Belum Bersertifikat,PLN,450,Lainnya (Serat Optik),Desa sekaran Kecamatan Jatirogo,5 / 3,Dukuhan,Sekaran,Kec. Jatirogo,Kab. Tuban,Prov. Jawa Timur,62362,0,0,2,2,0,0,0,0,0,0,0,0,0,2,0,1,0,0,0,0,0,0,0,0,0,0,0,0,0,0,0,0,0,0,0,0,0,0,0,0,0,0,3,2,1,40,23,17,2,2,0,0,0,0,0,0,0,0,1,1,0,0,0,0,2,2,0,0,0,0,0,0,0,0,0,0,0,0,1,1,,,,,,,,,,,,,,,,,,
050618,KB SILVA CERIA,https://dapo.kemdikbud.go.id/sekolah/BD49AA765758F5353294,http://sekolah.data.kemdikbud.go.id/index.php/chome/profil/3ce84665-8d67-4992-b817-ec1be6787b70,22 Feb 2023 23:15:25,B,Kurikulum 2013,69839352,Swasta,KB,Yayasan,420/1464/414.101/2017,2017-03-10,420/7868/Oprs/414.101/2021,2021-10-01,Tidak ada,BPD JAWA TIMUR,BPD JAWA TIMUR CAPEM JATIROGO,69839352 KB SILVA CERIA,Bersedia Menerima,Sehari penuh (6 h/m),Belum Bersertifikat,PLN,450,Tidak Ada,RAYA BARAT 295 JATIROGO,/,KLANGON,Wotsogo,Kec. Jatirogo,Kab. Tuban,Prov. Jawa Timur,62362,0,0,1,1,0,0,0,0,0,0,0,0,0,1,0,1,0,0,0,0,0,0,0,0,0,0,0,0,0,0,0,0,0,0,0,0,0,0,0,0,0,0,1,1,1,28,17,11,1,1,0,0,0,0,0,0,0,0,1,1,0,0,0,0,2,2,0,0,0,0,0,0,0,0,0,0,0,0,1,1,,,,,,,,,,,,,,,,,,
050618,KB TARUNA BANGSA,https://dapo.kemdikbud.go.id/sekolah/5DFFD377496C561CE7C4,http://sekolah.data.kemdikbud.go.id/index.php/chome/profil/716feb29-2fa1-4a62-863e-d1b9f6722552,31 Jan 2023 09:36:38,C,Kurikulum 2013,69839482,Swasta,KB,Yayasan,05/PKK/I/2016,2016-01-06,420/1458/414.101/2017,2017-03-10,Tidak ada,BPD JAWA TIMUR,BPD JAWA TIMUR CAPEM JATIROGO,69839482 KB TARUNA BANGSA,Bersedia Menerima,Sehari penuh (5 h/m),Belum Bersertifikat,PLN,450,Smartfren,Desa Karang Tengah Kecamatan Jatirogo,1 / 3,KARANGTENGAH,Karangtengah,Kec. Jatirogo,Kab. Tuban,Prov. Jawa Timur,62362,-5,114,2,2,0,0,0,0,0,0,0,0,0,2,0,1,0,0,0,0,0,0,0,0,0,0,0,0,0,0,0,0,0,0,0,0,0,0,0,0,0,0,2,2,1,15,8,7,2,2,0,0,0,0,0,0,0,0,1,1,0,0,0,0,1,1,0,0,0,0,0,0,0,0,0,0,0,0,1,1,,,,,,,,,,,,,,,,,,
050618,KB TUNAS BANGSA,https://dapo.kemdikbud.go.id/sekolah/5A6AFFDC08C066F8B99D,http://sekolah.data.kemdikbud.go.id/index.php/chome/profil/70ce1966-ca10-4abe-9daf-f8d12f690620,05 Feb 2023 05:18:44,B,Kurikulum 2013,69839369,Swasta,KB,Yayasan,01/PKK/X/2009,2009-10-01,420/7871/Oprs/414.101/2021,2021-10-01,Tidak ada,BPD JAWA TIMUR,BPD JAWA TIMUR CAPEM JATIROGO,69839369 KB TUNAS BANGSA,Bersedia Menerima,Sehari penuh (5 h/m),Belum Bersertifikat,PLN,450,Indosat IM3,Desa Kedungmakam Kecamatan Jatirogo,0 / 0,,Kedungmakam,Kec. Jatirogo,Kab. Tuban,Prov. Jawa Timur,62362,0,0,2,2,0,0,0,0,0,0,0,0,0,2,0,1,0,0,0,0,0,0,0,0,0,0,0,0,0,0,0,0,0,0,0,0,0,0,0,0,0,0,3,2,1,20,10,10,1,1,0,0,0,0,0,0,0,0,1,1,0,0,0,0,1,1,0,0,0,0,0,0,0,0,0,0,0,0,1,1,,,,,,,,,,,,,,,,,,
050618,KB TUNAS BANGSA,https://dapo.kemdikbud.go.id/sekolah/DBB8B832A94E9B75B225,http://sekolah.data.kemdikbud.go.id/index.php/chome/profil/ec0fd20b-4af8-42ba-bc27-e86af65ad9a2,02 Feb 2023 15:53:19,,Kurikulum 2013,69839356,Swasta,KB,Yayasan,420//7870/Oprs/414.101/2021,2021-10-01,420//7870/Oprs/414.101/2021,2021-10-01,Tidak ada,BPD JAWA TIMUR,BPD JAWA TIMUR CAPEM JATIROGO,69839356 KB TUNAS BANGSA,Bersedia Menerima,Sehari penuh (5 h/m),Belum Bersertifikat,PLN,450,Tidak Ada,Desa Dingil Kecamatan Jatirogo,19 / 6,Krajan,Dingil,Kec. Jatirogo,Kab. Tuban,Prov. Jawa Timur,62362,-6,111,2,2,0,0,0,0,0,0,0,0,0,2,0,1,0,0,0,0,0,0,0,0,0,0,0,0,0,0,0,0,0,0,0,0,0,0,0,0,0,0,2,2,1,15,7,8,1,1,0,0,0,0,0,0,1,1,2,2,0,0,0,0,1,1,1,1,0,0,0,0,0,0,0,0,0,0,1,1,,,,,,,,,,,,,,,,,,
050618,KB TUNAS HARAPAN,https://dapo.kemdikbud.go.id/sekolah/59A8EF9AC92A238F89D0,http://sekolah.data.kemdikbud.go.id/index.php/chome/profil/900c71d0-cd4b-4418-817c-dda0666ce66c,01 Feb 2023 17:51:47,,Kurikulum 2013,69839353,Swasta,KB,Yayasan,08/PKK/I/2016,2016-01-06,420/7872/Oprs/414.101/2021/,2021-10-01,Tidak ada,BPD JAWA TIMUR,BPD JAWA TIMUR CAPEM JATIROGO,69839353 KB TUNAS HARAPAN,Bersedia Menerima,Pagi,Belum Bersertifikat,PLN,900,Telkomsel Flash,JOMBOK,0 / 0,wotsogo,Wotsogo,Kec. Jatirogo,Kab. Tuban,Prov. Jawa Timur,62362,0,0,2,2,0,0,0,0,0,0,0,0,0,1,0,1,0,0,0,0,0,0,0,0,0,0,0,0,0,0,0,0,0,0,0,0,0,0,0,0,0,0,2,1,1,21,11,10,1,1,0,0,0,0,0,0,0,0,1,1,0,0,0,0,1,1,0,0,0,0,0,0,0,0,0,0,0,0,1,1,,,,,,,,,,,,,,,,,,
050618,KB. TUNAS MULIA,https://dapo.kemdikbud.go.id/sekolah/D73FED09FEF1ED423B4F,http://sekolah.data.kemdikbud.go.id/index.php/chome/profil/203e2d36-31f5-44f5-b8e3-c5f656da53ef,22 Jan 2023 06:21:59,,Kurikulum 2013,69839365,Swasta,KB,Yayasan,420/165/414.050/SK/2012,2011-12-12,420/7873/Oprs/414.101/2021,2021-10-01,Tidak ada,BPD JAWA TIMUR,BPD JAWA TIMUR CAPEM JATIROGO,69839365 KB TUNAS MULIA,Bersedia Menerima,Sehari penuh (5 h/m),Belum Bersertifikat,PLN,450,Tidak Ada,desa wangi,1 / 2,Pandowo,Wangi,Kec. Jatirogo,Kab. Tuban,Prov. Jawa Timur,62362,-6,111,2,2,0,0,0,0,0,0,0,0,0,2,0,1,0,0,0,0,0,0,0,0,0,0,0,0,0,0,0,0,0,0,0,0,0,0,0,0,0,0,2,2,1,30,14,16,1,2,0,0,0,0,0,0,0,0,0,2,0,0,0,0,1,1,0,0,0,0,0,0,0,0,0,0,0,0,2,2,,,,,,,,,,,,,,,,,,
050618,TPA PELITA HATI,https://dapo.kemdikbud.go.id/sekolah/415A02D78527C276A3D2,http://sekolah.data.kemdikbud.go.id/index.php/chome/profil/18938fea-87b5-49e5-ab79-eaade19baa13,31 Jan 2023 09:48:29,,Kurikulum 2013,69858138,Swasta,TPA,Yayasan,002/LPIT USWAH/I/2016,2016-01-06,420/7939/Oprs/414.101/2021,2021-10-05,Tidak ada,BPD JAWA TIMUR,BPD JAWA TIMUR CAPEM JATIROGO,69858138 TPA PELITA HATI,Bersedia Menerima,Sehari penuh (5 h/m),Belum Bersertifikat,PLN,950,Linknet,JL.RAYA BARAT RT/RW 01/08,1 / 8,Krecaan,Sadang,Kec. Jatirogo,Kab. Tuban,Prov. Jawa Timur,62362,0,0,2,2,0,0,0,0,0,0,0,0,0,2,0,1,0,0,0,0,0,0,0,0,0,0,0,0,0,0,0,0,0,0,0,0,0,0,0,0,0,0,2,2,1,18,14,4,2,2,1,1,1,1,0,0,1,1,1,1,1,1,1,1,2,2,1,1,0,0,0,0,0,0,0,0,0,0,1,1,,,,,,,,,,,,,,,,,,
050618,SD N WOTSOGO 1 JATIROGO,https://dapo.kemdikbud.go.id/sekolah/EE976A719D2E756004B8,http://sekolah.data.kemdikbud.go.id/index.php/chome/profil/105b3a55-2df5-e011-9c7c-a5a03305a863,09 Mar 2023 08:19:50,A,Kurikulum 2013,20505052,Negeri,SD,Pemerintah Daerah,,1910-01-01,,1910-01-01,Tidak ada,BPD JAWA TIMUR...,BPD JAWA TIMUR CABANG JATIROGO...,BOSSDNWOTSOGOI...,Bersedia Menerima,Pagi,Belum Bersertifikat,PLN,4400,Telkom Speedy,Jln. Raya Barat No. 293 Jatirogo,4 / 2,WOTSOGO,WOTSOGO,Kec. Jatirogo,Kab. Tuban,Prov. Jawa Timur,62362,-6,111,9,8,1,0,0,0,0,1,4,0,2,9,3,1,20,16,14,22,18,16,41,24,31,26,40,34,0,0,0,0,0,0,0,0,0,0,0,0,0,0,8,11,4,302,164,138,9,9,1,1,1,1,0,0,1,1,1,1,1,1,1,1,4,4,0,0,0,0,0,0,1,1,0,0,0,0,1,1,,,,,,,,,,,,,,,,,,
050618,SD NEGERI BADER,https://dapo.kemdikbud.go.id/sekolah/7A47D02B4BBD793CA514,http://sekolah.data.kemdikbud.go.id/index.php/chome/profil/401057f1-8b18-e111-9885-fd647bb391db,14 Mar 2023 10:29:10,B,Kurikulum 2013,20505711,Negeri,SD,Pemerintah Daerah,17/35.23.214/VI/1996,1970-01-01,420/2542/414.101.2/22,1910-01-01,Tidak ada,Bank Jatim,Jatirogo,SDN Bader,Bersedia Menerima,Pagi,Belum Bersertifikat,PLN,900,Tidak Ada,Desa Bader,2 / 2,Bader,Bader,Kec. Jatirogo,Kab. Tuban,Prov. Jawa Timur,62362,-6,111,6,6,1,0,2,0,0,1,2,0,3,5,1,1,10,5,4,4,11,5,6,9,4,6,8,3,0,0,0,0,0,0,0,0,0,0,0,0,0,0,4,8,2,75,43,32,6,6,0,0,0,0,0,0,0,0,1,1,0,0,0,0,3,3,0,0,0,0,0,0,0,0,0,0,0,0,1,1,,,,,,,,,,,,,,,,,,
050618,SD NEGERI BESOWO,https://dapo.kemdikbud.go.id/sekolah/6B3BA836AE16926E1298,http://sekolah.data.kemdikbud.go.id/index.php/chome/profil/60fc56f1-8b18-e111-a19e-fb6746cd6f6b,03 Mar 2023 09:14:06,B,Kurikulum 2013,20505807,Negeri,SD,Pemerintah Daerah,,1912-01-01,,1910-01-01,Tidak ada,BPD JATIM,JATIROGO,BOS SDN BESOWO,Bersedia Menerima,Pagi,Belum Bersertifikat,PLN,450,Tidak Ada,Desa Besowo,4 / 1,BESOWO,BESOWO,Kec. Jatirogo,Kab. Tuban,Prov. Jawa Timur,62362,-6,111,6,6,0,0,0,0,0,1,1,0,1,7,2,2,8,8,20,12,21,11,4,9,9,8,18,9,0,0,0,0,0,0,0,0,0,0,0,0,0,0,6,8,4,137,80,57,6,6,1,1,0,0,0,0,1,1,1,1,1,1,1,1,2,2,1,1,0,0,0,0,0,0,0,0,0,0,1,1,,,,,,,,,,,,,,,,,,
050618,SD NEGERI DEMIT,https://dapo.kemdikbud.go.id/sekolah/C5CA95789CCBF8EB690F,http://sekolah.data.kemdikbud.go.id/index.php/chome/profil/307357f1-8b18-e111-b884-e9a8d04836ab,01 Mar 2023 17:11:24,Tidak Terakreditasi,Kurikulum 2013,20505684,Negeri,SD,Pemerintah Pusat,,1947-10-17,,1910-01-01,Tidak ada,BPD JAWA TIMUR...,BPD JAWA TIMUR CABANG TUBAN/JATIROGO...,BOSSDNDEMIT...,Bersedia Menerima,Pagi,Belum Bersertifikat,PLN,900,Smartfren,DUSUN KRAJAN,2 / 2,KRAJAN,DEMIT,Kec. Jatirogo,Kab. Tuban,Prov. Jawa Timur,62362,-6,111,6,6,0,0,0,0,1,1,2,0,5,3,1,2,1,4,3,4,4,4,5,5,3,7,1,1,0,0,0,0,0,0,0,0,0,0,0,0,0,0,9,8,3,42,17,25,5,5,0,0,0,0,0,0,0,0,1,1,1,1,1,1,4,4,0,0,0,0,0,0,0,0,0,0,0,0,1,17,,,,,,,,,,,,,,,,,,
050618,SD NEGERI DINGIL I,https://dapo.kemdikbud.go.id/sekolah/6B7B34964A836BD8ED5A,http://sekolah.data.kemdikbud.go.id/index.php/chome/profil/008757f1-8b18-e111-a4be-5b104d6662f6,10 Mar 2023 10:24:27,B,Kurikulum 2013,20505589,Negeri,SD,Pemerintah Daerah,,1921-05-15,,1910-01-01,Tidak ada,BPD JAWA TIMUR...,BPD JAWA TIMUR CABANG JATIROGO...,BOSSDNDINGIL01...,Bersedia Menerima,Pagi,9001,PLN,1200,Tidak Ada,Desa Dingil Rt. 01 Rw. 10,1 / 10,KRAJAN,DINGIL,Kec. Jatirogo,Kab. Tuban,Prov. Jawa Timur,62362,-6,111,6,6,0,0,0,0,0,1,1,0,1,7,2,0,6,14,3,3,5,7,7,0,8,7,2,9,0,0,0,0,0,0,0,0,0,0,0,0,0,0,11,8,2,71,31,40,6,6,0,0,0,0,0,0,0,0,1,1,1,1,1,1,7,7,1,1,0,0,0,0,0,0,0,0,0,0,4,4,,,,,,,,,,,,,,,,,,
050618,SD NEGERI DINGIL II,https://dapo.kemdikbud.go.id/sekolah/8063C0B40BA460AB0E78,http://sekolah.data.kemdikbud.go.id/index.php/chome/profil/009b57f1-8b18-e111-833a-17a465e55a87,03 Mar 2023 08:12:29,B,Kurikulum 2013,20505588,Negeri,SD,Pemerintah Daerah,267/10/VII/1996,1973-07-17,,1910-01-01,Tidak ada,BANK JATIM,Jatirogo,BOS SDN DINGIL 02,Bersedia Menerima,Pagi,9001,PLN,900,Lainnya (Satelit),Dusun Krajan,26 / 7,Panggung,Dingil,Kec. Jatirogo,Kab. Tuban,Prov. Jawa Timur,62362,-6,111,6,6,0,0,0,0,0,1,2,0,2,6,2,1,6,5,8,4,4,6,2,8,9,4,5,9,0,0,0,0,0,0,0,0,0,0,0,0,0,0,5,8,3,70,34,36,7,7,0,0,0,0,0,0,0,0,1,1,0,0,0,0,1,1,0,0,0,0,0,0,0,0,0,0,0,0,6,6,,,,,,,,,,,,,,,,,,
050618,SD NEGERI DINGIL III,https://dapo.kemdikbud.go.id/sekolah/D22D86926BFFDC25ED7D,http://sekolah.data.kemdikbud.go.id/index.php/chome/profil/300458f1-8b18-e111-aae2-83a85220cccb,10 Mar 2023 09:28:11,C,Kurikulum 2013,20505587,Negeri,SD,Pemerintah Pusat,421.207.1/265/112.04/1993,1993-07-01,421.207.1/265/112.04/1993,1993-11-24,Tidak ada,BANK JATIM,CAPEN Jatirogo,SDN DINGIL 03,Bersedia Menerima,Pagi,Belum Bersertifikat,PLN,900,Lainnya,Dusun Sentul,24 / 9,Sentul,Dingil,Kec. Jatirogo,Kab. Tuban,Prov. Jawa Timur,62362,-6,111,6,6,0,0,0,0,0,1,1,0,4,4,1,0,1,3,2,2,3,3,2,3,1,3,5,2,0,0,0,0,0,0,0,0,0,0,0,0,0,0,17,8,1,30,14,16,6,6,0,0,0,0,0,0,0,0,1,1,1,1,0,0,2,2,0,0,0,0,0,0,0,0,0,0,0,0,6,6,,,,,,,,,,,,,,,,,,
050618,SD NEGERI JATIKLABANG I,https://dapo.kemdikbud.go.id/sekolah/CDB761BDAF819F6A17D7,http://sekolah.data.kemdikbud.go.id/index.php/chome/profil/e0ae57f1-8b18-e111-bf7c-c90f9e6cb46c,14 Feb 2023 20:33:44,B,Kurikulum 2013,20505571,Negeri,SD,Pemerintah Daerah,,1911-01-01,,1910-01-01,Tidak ada,BPD JAWA TIMUR...,BPD JAWA TIMUR CABANG JATIROGO...,BOSSDNJATIKLABANG01...,Bersedia Menerima,Pagi,Belum Bersertifikat,PLN,2200,Smartfren,Dusun Ngijo,3 / 3,Ngijo,JATIKLABANG,Kec. Jatirogo,Kab. Tuban,Prov. Jawa Timur,62362,-6,111,6,6,0,0,0,0,0,1,2,0,4,4,2,1,9,8,12,12,6,12,11,8,9,10,8,9,0,0,0,0,0,0,0,0,0,0,0,0,0,0,3,8,3,114,55,59,6,6,1,1,0,0,0,0,1,1,1,1,0,0,0,0,2,2,1,1,0,0,0,0,0,0,0,0,0,0,1,1,,,,,,,,,,,,,,,,,,
050618,SD NEGERI JATIKLABANG II,https://dapo.kemdikbud.go.id/sekolah/5B09A00D13BF266F2393,http://sekolah.data.kemdikbud.go.id/index.php/chome/profil/a0c857f1-8b18-e111-9e0d-a719e8e50d20,20 Mar 2023 10:09:03,B,Kurikulum 2013,20505570,Negeri,SD,Pemerintah Pusat,,1975-03-01,,1910-01-01,Tidak ada,BPD,Jatirogo,BOS SDN JATIKLABANG 02,Bersedia Menerima,Pagi,9001,PLN,900,Tidak Ada,Jl. Raya Timur No. 189,0 / 0,Ngijo,Jatiklabang,Kec. Jatirogo,Kab. Tuban,Prov. Jawa Timur,62362,-6,111,6,6,0,0,0,0,0,1,2,0,1,7,3,1,9,7,7,8,6,6,9,9,9,10,13,14,0,0,0,0,0,0,0,0,0,0,0,0,0,0,9,8,4,107,53,54,6,6,1,1,0,0,0,0,1,1,1,1,1,1,0,0,2,2,1,1,0,0,0,0,0,0,0,0,0,0,3,3,,,,,,,,,,,,,,,,,,
050618,SD NEGERI JOMBOK,https://dapo.kemdikbud.go.id/sekolah/781F3EEC71F14195BA53,http://sekolah.data.kemdikbud.go.id/index.php/chome/profil/d05b56f1-8b18-e111-b51e-ad99082e08f7,10 Mar 2023 07:22:32,B,Kurikulum 2013,20505654,Negeri,SD,Pemerintah Pusat,,1970-05-13,,1910-01-01,Tidak ada,BPD JAWA TIMUR...,BPD JAWA TIMUR CABANG JATIROGO...,BOSSDNJOMBOK...,Bersedia Menerima,Pagi,9001,PLN,900,Telkomsel Flash,Jalan Jombok Barat No 189,0 / 0,Jombok,JOMBOK,Kec. Jatirogo,Kab. Tuban,Prov. Jawa Timur,62362,-6,111,6,0,6,6,2,0,6,1,2,5,2,6,2,0,4,6,5,5,8,12,4,6,8,6,7,5,0,0,0,0,0,0,0,0,0,0,0,0,0,0,9,8,2,76,36,40,6,6,1,1,0,0,0,0,1,1,1,1,0,0,0,0,2,2,0,0,0,0,0,0,0,0,0,0,0,0,1,1,,,,,,,,,,,,,,,,,,
050618,SD NEGERI KARANGTENGAH I,https://dapo.kemdikbud.go.id/sekolah/84290AF72F0B714A48B2,http://sekolah.data.kemdikbud.go.id/index.php/chome/profil/c06f56f1-8b18-e111-89eb-834eb9a967b3,15 Mar 2023 08:24:10,B,Kurikulum 2013,20505668,Negeri,SD,Pemerintah Pusat,,1922-06-05,,1910-01-01,Tidak ada,BPD JAWA TIMUR,BPD JAWA TIMUR CABANG JATIROGO,BOS SDN KARANGTENGAH 01,Bersedia Menerima,Pagi,Belum Bersertifikat,PLN,900,Tidak Ada,Dusun Karangtengah,2 / 3,karangtengah,KARANGTENGAH,Kec. Jatirogo,Kab. Tuban,Prov. Jawa Timur,62362,-6,111,6,6,0,0,0,0,0,1,6,1,2,8,2,2,9,4,8,5,6,7,9,8,17,12,10,11,0,0,0,0,0,0,0,0,0,0,0,0,0,0,12,10,4,106,59,47,6,6,1,1,1,1,0,0,1,1,1,1,1,1,1,1,4,4,1,1,0,0,1,1,0,0,0,0,0,0,1,1,,,,,,,,,,,,,,,,,,
050618,SD NEGERI KEBONHARJO I,https://dapo.kemdikbud.go.id/sekolah/82334DAF8EC384DFF166,http://sekolah.data.kemdikbud.go.id/index.php/chome/profil/709756f1-8b18-e111-a446-87672b98b9fe,13 Feb 2023 09:28:35,B,Kurikulum 2013,20505641,Negeri,SD,Pemerintah Daerah,,1912-01-01,,1910-01-01,Tidak ada,BPD JAWA TIMUR...,BPD JAWA TIMUR CABANG JATIROGO...,BOSSDNKEBONHARJO1...,Bersedia Menerima,Pagi,Belum Bersertifikat,PLN,900,Telkomsel Flash,Jalan Lasem 452,0 / 0,JAMBEAN,KEBONHARJO,Kec. Jatirogo,Kab. Tuban,Prov. Jawa Timur,62362,-6,111,6,6,0,0,2,0,0,1,6,0,4,3,2,1,11,9,8,7,13,9,13,7,7,7,13,8,0,0,0,0,0,0,0,0,0,0,0,0,0,0,5,7,3,112,65,47,6,6,1,1,0,0,0,0,1,1,1,1,1,1,1,1,5,5,1,1,0,0,0,0,0,0,0,0,0,0,1,1,,,,,,,,,,,,,,,,,,
050618,SD NEGERI KEBONHARJO II,https://dapo.kemdikbud.go.id/sekolah/10CD5EA06657145C3ED3,http://sekolah.data.kemdikbud.go.id/index.php/chome/profil/60ab56f1-8b18-e111-8bad-4164e9a13a88,28 Feb 2023 11:49:36,B,Kurikulum 2013,20505640,Negeri,SD,Pemerintah Pusat,,1977-03-01,,1910-01-01,Tidak ada,BPD JAWA TIMUR...,BPD JAWA TIMUR CABANG JATIROGO...,BOSSDNKEBONHARJO02...,Bersedia Menerima,Pagi,9001,PLN,450,Smartfren,Dusun Kebonharjo,2 / 1,Kebonharjo,KEBONHARJO,Kec. Jatirogo,Kab. Tuban,Prov. Jawa Timur,62362,-6,111,6,6,0,0,0,0,0,1,2,0,2,6,1,1,7,2,7,9,2,3,2,1,3,4,1,6,0,0,0,0,0,0,0,0,0,0,0,0,0,0,5,8,2,47,22,25,6,6,1,1,0,0,0,0,1,1,0,0,1,1,0,0,2,2,0,0,0,0,0,0,0,0,0,0,0,0,2,2,,,,,,,,,,,,,,,,,,
050618,SD NEGERI KEDUNGMAKAM,https://dapo.kemdikbud.go.id/sekolah/1D79764C73838A8C4DD0,http://sekolah.data.kemdikbud.go.id/index.php/chome/profil/d03757f1-8b18-e111-a023-bd9ec0ba85aa,21 Mar 2023 03:54:09,B,Kurikulum 2013,20505615,Negeri,SD,Pemerintah Daerah,,1963-08-01,,1964-01-01,Tidak ada,BPD JAWA TIMUR...,BPD JAWA TIMUR CABANG  JATIROGO...,BOSSDNKEDUNGMAKAM...,Bersedia Menerima,Pagi,Belum Bersertifikat,PLN,900,Lainnya,Jl. Sekaran  No. 01,2 / 2,Soko Rejo,KEDUNGMAKAM,Kec. Jatirogo,Kab. Tuban,Prov. Jawa Timur,62362,-6,111,6,6,0,0,0,0,0,6,1,0,2,5,2,2,9,5,6,14,13,8,11,9,9,6,12,6,0,0,0,0,0,0,0,0,0,0,0,0,0,0,6,7,4,108,60,48,6,6,0,0,0,0,0,0,1,1,1,1,1,1,1,1,4,4,0,0,0,0,0,0,0,0,0,0,0,0,1,1,,,,,,,,,,,,,,,,,,
050618,SD NEGERI KETODAN,https://dapo.kemdikbud.go.id/sekolah/CD55464690A3967CD620,http://sekolah.data.kemdikbud.go.id/index.php/chome/profil/c0e756f1-8b18-e111-8e88-09fb8c1ad995,21 Mar 2023 18:26:54,B,Kurikulum 2013,20505626,Negeri,SD,Pemerintah Pusat,36/411.217.16/1996,1996-06-26,421/5891.10/414.101/2020,2020-09-07,Tidak ada,BPD JAWA TIMUR...,BPD JAWA TIMUR CABANG JATIROGO...,BOSSDNKETODAN...,Bersedia Menerima,Pagi,Belum Bersertifikat,PLN,1350,Tidak Ada,Jln. Desa Ketodan,1 / 1,KRAJAN,Ketodan,Kec. Jatirogo,Kab. Tuban,Prov. Jawa Timur,62362,-6,111,6,6,0,0,0,0,0,1,2,0,3,5,0,2,14,9,8,6,9,9,8,6,10,15,10,11,0,0,0,0,0,0,0,0,0,0,0,0,0,0,9,8,2,115,59,56,6,6,0,0,0,0,0,0,1,1,1,1,1,1,0,0,2,2,1,1,0,0,0,0,0,0,0,0,0,0,1,1,,,,,,,,,,,,,,,,,,
050618,SD NEGERI NGEPON I,https://dapo.kemdikbud.go.id/sekolah/A909D0CF86B4A450C5D6,http://sekolah.data.kemdikbud.go.id/index.php/chome/profil/002457f1-8b18-e111-90f1-3f121ba7a29c,09 Mar 2023 09:04:24,B,Kurikulum 2013,20504950,Negeri,SD,Pemerintah Pusat,,1964-07-06,,1910-01-01,Tidak ada,BPD JAWA TIMUR,JATIROGO,BOS SDN NGEPON 01,Bersedia Menerima,Pagi,Belum Bersertifikat,PLN,1300,Telkomsel Flash,Jl Raya Bulu,0 / 0,,NGEPON,Kec. Jatirogo,Kab. Tuban,Prov. Jawa Timur,62362,-6,111,6,6,0,0,0,0,0,1,2,0,2,7,1,2,15,10,5,15,14,13,15,17,16,11,11,11,0,0,0,0,0,0,0,0,0,0,0,0,0,0,31,9,3,153,76,77,6,6,1,1,0,0,0,0,1,1,0,0,0,0,0,0,2,3,1,1,0,0,1,1,0,0,0,0,0,0,1,1,,,,,,,,,,,,,,,,,,
050618,SD NEGERI NGEPON II,https://dapo.kemdikbud.go.id/sekolah/CD3A851E58430E0343FB,http://sekolah.data.kemdikbud.go.id/index.php/chome/profil/70f057f1-8b18-e111-a91e-fbf9f0c76b1e,25 Mar 2023 21:11:07,C,Kurikulum 2013,20504949,Negeri,SD,Pemerintah Daerah,,1984-07-01,,1910-01-01,Tidak ada,BPD BANK JATIM,JATIROGO,BOS SDN NGEPON II,Bersedia Menerima,Pagi,Proses Sertifikasi,PLN,1300,Tidak Ada,Dusun Salam,2 / 3,SALAM,NGEPON,Kec. Jatirogo,Kab. Tuban,Prov. Jawa Timur,62362,-6,111,6,4,2,2,0,0,2,1,2,0,4,4,3,0,3,2,2,2,4,1,2,3,4,1,2,6,0,0,0,0,0,0,0,0,0,0,0,0,0,0,7,8,3,32,17,15,7,7,1,1,0,0,0,0,0,0,1,1,0,0,0,0,3,3,0,0,0,0,0,0,0,0,0,0,0,0,1,1,,,,,,,,,,,,,,,,,,
050618,SD NEGERI PASEYAN I,https://dapo.kemdikbud.go.id/sekolah/34E9A87346385DBBBD8A,http://sekolah.data.kemdikbud.go.id/index.php/chome/profil/e03156f1-8b18-e111-b195-eb834ac09a48,06 Mar 2023 07:57:44,B,Kurikulum 2013,20504784,Negeri,SD,Pemerintah Daerah,,1920-04-15,,1910-01-01,Tidak ada,BANK JATIM,Jatirogo,BOS SDN PASEYAN 01,Bersedia Menerima,Pagi,Belum Bersertifikat,PLN,1350,Tidak Ada,Desa Paseyan,2 / 7,Karang Anyar,PASEYAN,Kec. Jatirogo,Kab. Tuban,Prov. Jawa Timur,62362,-6,111,6,6,0,0,2,0,0,5,2,0,1,6,1,2,9,6,3,11,11,8,5,14,7,12,12,14,0,0,0,0,0,0,0,0,0,0,0,0,0,0,8,7,3,112,47,65,6,6,1,1,0,0,0,0,1,1,0,0,1,1,0,0,2,2,0,0,0,0,0,0,0,0,0,0,0,0,1,1,,,,,,,,,,,,,,,,,,
050618,SD NEGERI PASEYAN II,https://dapo.kemdikbud.go.id/sekolah/99CB7C7C370572AB6CA0,http://sekolah.data.kemdikbud.go.id/index.php/chome/profil/704756f1-8b18-e111-a8f2-1b5608f015bf,09 Feb 2023 07:59:29,B,Kurikulum 2013,20504783,Negeri,SD,Pemerintah Daerah,012/2001/1/1997,1974-01-01,420.2/1214/414.101/2018,1997-01-30,Tidak ada,Bank JATIM,Jatirogo Tuban,BOS SDN PASEYAN 02,Bersedia Menerima,Pagi,Belum Bersertifikat,PLN,900,Smartfren,Jln. Raya Lasem No. 191,0 / 0,PASEYAN,Paseyan,Kec. Jatirogo,Kab. Tuban,Prov. Jawa Timur,62362,-6,111,5,5,0,0,0,0,0,1,1,0,1,6,2,1,8,5,0,5,4,6,0,0,2,4,5,1,0,0,0,0,0,0,0,0,0,0,0,0,0,0,6,7,3,40,19,21,6,6,1,1,0,0,0,0,0,0,1,1,1,1,0,0,4,4,0,0,0,0,0,0,0,0,0,0,0,0,5,5,,,,,,,,,,,,,,,,,,
050618,SD NEGERI SADANG I,https://dapo.kemdikbud.go.id/sekolah/81A5017963D8286C9310,http://sekolah.data.kemdikbud.go.id/index.php/chome/profil/d00656f1-8b18-e111-ac56-f7e784e045c9,09 Mar 2023 08:04:55,B,Kurikulum 2013,20504847,Negeri,SD,Pemerintah Daerah,,1980-08-01,,1910-01-01,Tidak ada,BPD JAWA TIMUR...,BPD JAWA TIMUR CABANG JATIROGO...,BOSSDNSADANG01...,Bersedia Menerima,Pagi,Belum Bersertifikat,PLN,2,Tidak Ada,Jln. Panglima Sudirman  No. 602,0 / 0,SADANG,SADANG,Kec. Jatirogo,Kab. Tuban,Prov. Jawa Timur,62362,-6,111,6,6,0,0,1,0,0,1,2,0,3,5,2,1,14,9,10,15,14,12,18,12,14,15,20,16,0,0,0,0,0,0,0,0,0,0,0,0,0,0,16,8,3,169,90,79,6,6,1,1,0,0,0,0,1,1,1,1,0,0,1,1,2,2,1,1,0,0,0,0,0,0,0,0,0,0,1,1,,,,,,,,,,,,,,,,,,
050618,SD NEGERI SADANG II,https://dapo.kemdikbud.go.id/sekolah/BAAEB9B331EE7F8DA0F0,http://sekolah.data.kemdikbud.go.id/index.php/chome/profil/a01a56f1-8b18-e111-b9db-b16acd0a7fbb,13 Feb 2023 10:47:49,B,Kurikulum 2013,20504846,Negeri,SD,Pemerintah Pusat,0,1975-01-01,,1910-01-01,Tidak ada,Bank Jatim,Jatirogo,BOS SDN SADANG 02,Bersedia Menerima,Pagi,Belum Bersertifikat,PLN,1250,Tidak Ada,Dusun Sadang,5 / 2,SADANG,SADANG,Kec. Jatirogo,Kab. Tuban,Prov. Jawa Timur,62362,-6,111,6,6,0,0,2,0,0,1,2,0,2,6,1,2,13,12,4,7,9,8,9,11,8,9,5,10,0,0,0,0,0,0,0,0,0,0,0,0,0,0,3,8,3,105,48,57,6,6,0,0,1,1,0,0,1,1,1,1,0,0,0,0,4,4,0,0,0,0,0,0,0,0,0,0,0,0,1,1,,,,,,,,,,,,,,,,,,
050618,SD NEGERI SEKARAN I,https://dapo.kemdikbud.go.id/sekolah/98FEF4CD90C8FB9947BC,http://sekolah.data.kemdikbud.go.id/index.php/chome/profil/a04b57f1-8b18-e111-b892-9d0fb0183618,14 Mar 2023 07:55:48,B,Kurikulum 2013,20504866,Negeri,SD,Pemerintah Pusat,,1973-01-01,,1910-01-01,Tidak ada,BPD JAWA TIMUR...,BPD JAWA TIMUR CABANG JATIROGO...,BOSSDNSEKARAN01...,Bersedia Menerima,Pagi,Belum Bersertifikat,PLN,900,Tidak Ada,Jalan Poros Desa Sekaran Dusun Dukuhan,4 / 3,DUKUHAN,SEKARAN,Kec. Jatirogo,Kab. Tuban,Prov. Jawa Timur,62362,-6,111,6,6,0,0,2,0,0,6,5,0,2,5,3,1,3,1,5,9,3,8,1,6,6,4,5,2,0,0,0,0,0,0,0,0,0,0,0,0,0,0,7,7,4,53,23,30,6,6,1,1,0,0,0,0,1,1,1,1,0,0,1,0,1,1,1,1,0,0,0,0,0,0,0,0,0,0,1,1,,,,,,,,,,,,,,,,,,
050618,SD NEGERI SEKARAN II,https://dapo.kemdikbud.go.id/sekolah/FF12C98F3CB75E31555D,http://sekolah.data.kemdikbud.go.id/index.php/chome/profil/605f57f1-8b18-e111-841b-717af55eca1c,15 Mar 2023 09:18:06,B,Kurikulum 2013,20504865,Negeri,SD,Pemerintah Daerah,,1981-10-02,,1910-01-01,Tidak ada,BANK JATIM,Jatirogo,SDN SEKARAN II,Bersedia Menerima,Pagi,Belum Bersertifikat,PLN,1300,Smartfren,Dusun Dukuhan,5 / 3,Dukuhan,SEKARAN,Kec. Jatirogo,Kab. Tuban,Prov. Jawa Timur,62362,-6,111,6,6,0,0,2,0,1,6,2,0,2,5,2,1,11,7,11,18,8,11,18,7,19,12,9,17,0,0,0,0,0,0,0,0,0,0,0,0,0,0,7,7,3,148,76,72,6,6,0,0,0,0,0,0,1,1,0,0,1,1,0,0,2,2,0,0,0,0,0,0,0,0,0,0,0,0,1,1,,,,,,,,,,,,,,,,,,
050618,SD NEGERI SUGIHAN III,https://dapo.kemdikbud.go.id/sekolah/F5AD508D457F22B51EF1,http://sekolah.data.kemdikbud.go.id/index.php/chome/profil/a0f255f1-8b18-e111-8f5b-79a3fb96df75,06 Feb 2023 09:20:52,B,Kurikulum 2013,20505193,Negeri,SD,Pemerintah Pusat,,1980-07-01,,1910-01-01,Tidak ada,BPD JAWA TIMUR,BPD JAWA TIMUR CABANG JATIROGO,BOS SDN SUGIHAN 03,Bersedia Menerima,Pagi,Proses Sertifikasi,PLN,900,Smartfren,Jln Masjid H Soedirman No 498,4 / 9,KRAJAN,SUGIHAN,Kec. Jatirogo,Kab. Tuban,Prov. Jawa Timur,62362,-6,111,6,6,0,0,0,0,0,1,2,0,3,5,3,0,4,3,1,3,2,7,12,5,8,6,9,9,0,0,0,0,0,0,0,0,0,0,0,0,0,0,3,8,3,69,36,33,6,6,1,1,0,0,0,0,1,1,1,1,0,0,0,0,2,2,1,1,0,0,0,0,0,0,0,0,0,0,1,1,,,,,,,,,,,,,,,,,,
050618,SD NEGERI WANGI I,https://dapo.kemdikbud.go.id/sekolah/4AC9A3584AF71C422F4A,http://sekolah.data.kemdikbud.go.id/index.php/chome/profil/20bf56f1-8b18-e111-87a0-23081521847a,04 Mar 2023 10:34:19,B,Kurikulum 2013,20505136,Negeri,SD,Pemerintah Daerah,,1910-01-01,,1910-01-01,Tidak ada,Bank Jatim,Jatirogo,SDN Wangi I,Bersedia Menerima,Pagi,Belum Bersertifikat,PLN,450,Tidak Ada,Jl. Raya Wangi no.17,0 / 0,Wangi,Wangi,Kec. Jatirogo,Kab. Tuban,Prov. Jawa Timur,62362,-6,111,6,6,0,0,0,0,0,1,1,0,4,3,2,1,14,10,6,4,7,3,4,11,11,3,8,13,0,0,0,0,0,0,0,0,0,0,0,0,0,0,9,7,3,94,50,44,6,6,0,0,0,0,0,0,0,0,1,1,0,0,1,1,4,4,1,1,0,0,1,1,0,0,0,0,0,0,2,2,,,,,,,,,,,,,,,,,,
050618,SD NEGERI WANGI II,https://dapo.kemdikbud.go.id/sekolah/5700C87036484E3345DB,http://sekolah.data.kemdikbud.go.id/index.php/chome/profil/e0d256f1-8b18-e111-9b08-eb551e28d3ca,13 Mar 2023 08:31:11,B,Kurikulum 2013,20505068,Negeri,SD,Pemerintah Pusat,,1977-01-02,421/58417/414.101/2020,2020-09-07,Tidak ada,BPD JAWA TIMUR...,BPD JAWA TIMUR CABANG JATIROGO...,BOSSDNWANGIII...,Bersedia Menerima,Pagi,Belum Bersertifikat,PLN,450,Smartfren,Desa Wangi,4 / 6,wangi,Wangi,Kec. Jatirogo,Kab. Tuban,Prov. Jawa Timur,62362,-6,111,6,6,0,0,2,0,0,6,2,0,1,5,1,3,9,6,5,2,1,7,10,6,10,7,6,5,0,0,0,0,0,0,0,0,0,0,0,0,0,0,9,6,4,74,41,33,6,6,0,0,0,0,0,0,1,1,1,1,1,1,1,1,2,2,1,1,0,0,0,0,0,0,0,0,0,0,1,1,,,,,,,,,,,,,,,,,,
050618,SD NEGERI WOTSOGO II,https://dapo.kemdikbud.go.id/sekolah/10DD4C8F1D342891F405,http://sekolah.data.kemdikbud.go.id/index.php/chome/profil/808755f1-8b18-e111-8bb1-43c1ee9a6ae2,27 Feb 2023 08:35:21,B,Kurikulum 2013,20505053,Negeri,SD,Pemerintah Pusat,,1929-01-01,,1910-01-01,Tidak ada,BPD JAWA TIMUR...,BPD JAWA TIMUR CABANG JATIROGO...,BOS SDN WOTSOGO 02,Bersedia Menerima,Pagi,Proses Sertifikasi,PLN,1350,Smartfren,Jl Kartini No.03 Jatirogo,1 / 5,Klangon,WOTSOGO,Kec. Jatirogo,Kab. Tuban,Prov. Jawa Timur,62362,-6,111,6,6,0,0,0,0,0,0,2,0,4,3,3,0,4,5,8,3,10,5,13,4,13,14,5,10,0,0,0,0,0,0,0,0,0,0,0,0,0,0,6,7,3,94,53,41,6,6,0,0,0,0,0,0,1,1,1,1,1,1,1,1,2,2,1,1,0,0,0,0,0,0,0,0,0,0,1,1,,,,,,,,,,,,,,,,,,
050618,SD NEGERI WOTSOGO III,https://dapo.kemdikbud.go.id/sekolah/EADAD391677BDC6FDF62,http://sekolah.data.kemdikbud.go.id/index.php/chome/profil/c0a155f1-8b18-e111-b5c5-9b4aa6e2a90f,04 Mar 2023 09:46:39,B,Kurikulum 2013,20505067,Negeri,SD,Pemerintah Daerah,,1972-07-01,,1910-01-01,Tidak ada,BPD JAWA TIMUR...,BPD JAWA TIMUR CABANG JATIROGO...,BOSSDNWOTSOGO3...,Bersedia Menerima,Pagi,Belum Bersertifikat,PLN,2250,Telkom Speedy,Jl Jombok No 1240,1 / 11,WOTSOGO,Wotsogo,Kec. Jatirogo,Kab. Tuban,Prov. Jawa Timur,62362,-6,111,8,6,0,0,0,0,0,1,3,0,2,7,2,0,13,6,22,14,13,10,11,9,16,17,20,20,0,0,0,0,0,0,0,0,0,0,0,0,0,0,4,9,2,171,95,76,12,12,1,1,0,0,0,0,1,1,2,2,1,1,1,1,4,4,0,0,0,0,0,0,0,0,0,0,0,0,1,1,,,,,,,,,,,,,,,,,,
050618,SDN SIDOMULYO,https://dapo.kemdikbud.go.id/sekolah/293687D30CB22576C9C4,http://sekolah.data.kemdikbud.go.id/index.php/chome/profil/a041a92b-e5fe-e111-9def-ab0d764ff600,09 Mar 2023 09:25:55,B,Kurikulum 2013,20504830,Negeri,SD,Pemerintah Pusat,73/SP./B.2,1900-01-01,73/sp/B2,1970-05-09,Tidak ada,JATIM,TUBAN,SDN SIDOMULYO,Bersedia Menerima,Pagi,Belum Bersertifikat,PLN,2200,Tidak Ada,Ds. Sidomulyo,1 / 2,Pakel,Sidomulyo,Kec. Jatirogo,Kab. Tuban,Prov. Jawa Timur,62362,-6,111,6,6,0,0,0,0,0,1,2,0,3,5,2,1,13,5,7,2,12,8,13,12,11,9,10,13,0,0,0,0,0,0,0,0,0,0,0,0,0,0,4,8,3,115,66,49,6,6,0,1,0,0,0,0,0,0,1,1,0,0,0,0,2,2,1,1,0,0,0,0,0,0,0,0,0,0,1,1,,,,,,,,,,,,,,,,,,
050618,SDN SUGIHAN 1,https://dapo.kemdikbud.go.id/sekolah/F3F334B73018D3239B63,http://sekolah.data.kemdikbud.go.id/index.php/chome/profil/f069a92b-e5fe-e111-abdb-e3880c39a8af,01 Mar 2023 13:31:03,B,Kurikulum 2013,20505197,Negeri,SD,Pemerintah Daerah,SK,1957-01-01,,1957-01-01,Tidak ada,BPD JAWA TIMUR...,BPD JAWA TIMUR CABANG JATIROGO...,BOSSDNSUGIHAN1...,Bersedia Menerima,Pagi,Belum Bersertifikat,PLN,4400,Tidak Ada,Jl. Raya Timur No. 260 Sugihan,0 / 0,SUGIHAN,Sugihan,Kec. Jatirogo,Kab. Tuban,Prov. Jawa Timur,62362,-6,111,12,10,0,0,0,0,0,1,5,0,5,9,3,0,23,19,22,27,13,27,31,25,23,22,28,23,0,0,0,0,0,0,0,0,0,0,0,0,0,0,5,14,3,283,140,143,12,12,1,1,0,0,0,0,1,1,1,1,1,1,1,1,7,7,1,1,0,0,0,0,0,0,0,0,0,0,1,1,,,,,,,,,,,,,,,,,,
050618,SD ISLAM TERPADU AL USWAH JATIROGO,https://dapo.kemdikbud.go.id/sekolah/49882577E8A6178A1C1F,http://sekolah.data.kemdikbud.go.id/index.php/chome/profil/5709a30f-fd36-466d-ab3e-2d80bbb2f95a,21 Feb 2023 14:06:53,B,Kurikulum 2013,69962648,Swasta,SD,Yayasan,AHU-0026427.AH.01.04,2015-11-26,421/3996/414.050/2016,2016-08-29,Tidak ada,BPD JAWA TIMUR...,BPD JAWA TIMUR CABANG JATIROGO...,BOSSDITALUSWAHJATIROGO...,Bersedia Menerima,Sehari penuh (5 h/m),Belum Bersertifikat,PLN,5500,Tidak Ada,Jl. Raya Barat Desa Sadang Kec. Jatirogo,1 / 8,Krecaan,Sadang,Kec. Jatirogo,Kab. Tuban,Prov. Jawa Timur,62363,-6,111,6,5,0,0,1,0,0,1,2,0,1,9,0,2,11,8,11,11,20,14,15,11,11,9,12,14,0,0,0,0,0,0,0,0,0,0,0,0,0,0,7,10,2,147,80,67,6,6,1,1,1,1,0,0,1,1,1,1,1,1,0,0,4,4,1,1,0,0,0,0,1,1,0,0,0,0,1,1,,,,,,,,,,,,,,,,,,
050618,SMP NEGERI 1 JATIROGO,https://dapo.kemdikbud.go.id/sekolah/8731F4428E945EF6629B,http://sekolah.data.kemdikbud.go.id/index.php/chome/profil/e09252f4-8b18-e111-9b7e-41b92faa2622,14 Feb 2023 11:10:24,A,Kurikulum 2013,20505129,Negeri,SMP,Pemerintah Daerah,,1960-05-03,,1910-01-01,Tidak ada,BPD JAWA TIMUR...,BPD JAWA TIMUR CABANG JATIROGO...,BOSSMPNEGERI1JATIROGO...,Bersedia Menerima,Pagi,Belum Bersertifikat,PLN,20599,Telkom Speedy,Jl. Raya Barat No. 30,4 / 2,Klangon,WOTSOGO,Kec. Jatirogo,Kab. Tuban,Prov. Jawa Timur,62362,-6,111,24,0,7,7,4,0,3,3,3,3,14,23,7,7,0,0,0,0,0,0,0,0,0,0,0,0,117,125,130,138,126,127,0,0,0,0,0,0,0,0,12,37,14,763,373,390,27,27,1,1,3,3,0,0,1,1,1,1,2,2,1,1,5,6,2,2,0,0,0,0,1,1,1,1,1,1,32,32,,,,,,,,,,,,,,,,,,
050618,SMP NEGERI 2 JATIROGO,https://dapo.kemdikbud.go.id/sekolah/E2F73EF496B4B0D174C6,http://sekolah.data.kemdikbud.go.id/index.php/chome/profil/60ad52f4-8b18-e111-8bf3-f3ddae6cd1ca,21 Mar 2023 14:08:16,A,Kurikulum 2013,20505076,Negeri,SMP,Pemerintah Pusat,,1961-01-01,,1910-01-01,Tidak ada,JATIM,JATIROGO,SMP NEGERI 2 JATIROGO,Bersedia Menerima,Pagi,Belum Bersertifikat,PLN,13200,Tidak Ada,Jl. Raya Timur No. 12 Jatirogo,1 / 4,Karanganyar,SUGIHAN,Kec. Jatirogo,Kab. Tuban,Prov. Jawa Timur,62362,-6,111,20,0,4,5,4,0,3,2,4,3,15,16,7,7,0,0,0,0,0,0,0,0,0,0,0,0,103,127,130,97,104,90,0,0,0,0,0,0,0,0,15,31,14,651,337,314,21,21,1,1,3,3,0,0,1,1,2,2,1,1,0,0,7,7,3,3,0,0,1,1,0,0,2,2,1,1,21,21,,,,,,,,,,,,,,,,,,
050618,SMP NEGERI 3 JATIROGO,https://dapo.kemdikbud.go.id/sekolah/5155E5115C8FFDB2A4A1,http://sekolah.data.kemdikbud.go.id/index.php/chome/profil/e0c652f4-8b18-e111-b5f1-2bdaba22e042,27 Mar 2023 10:30:29,B,Kurikulum 2013,20505094,Negeri,SMP,Pemerintah Pusat,594.82/2417/411.011/1998,1998-07-08,,1910-01-01,Tidak ada,BPD JAWA TIMUR...,BPD JAWA TIMUR CABANG JATIROGO...,BOSSMPN3JATIROGO...,Bersedia Menerima,Pagi,Belum Bersertifikat,PLN,2300,Smartfren,Jl. Sekaran,1 / 1,KEDUNGMAKAM,KEDUNGMAKAM,Kec. Jatirogo,Kab. Tuban,Prov. Jawa Timur,62362,-6,111,3,0,1,1,1,0,1,1,1,1,2,6,6,2,0,0,0,0,0,0,0,0,0,0,0,0,10,0,14,10,19,11,0,0,0,0,0,0,0,0,9,8,8,64,43,21,6,6,1,1,2,2,0,0,1,1,1,1,1,1,1,1,4,4,1,1,0,0,1,1,1,1,2,2,1,1,1,3,,,,,,,,,,,,,,,,,,
050618,SMP ISLAM AR-ROHMAH,https://dapo.kemdikbud.go.id/sekolah/CD403E5FA4B659CD1DD6,http://sekolah.data.kemdikbud.go.id/index.php/chome/profil/89040894-8989-421f-a5b2-0ed38dd086d6,14 Mar 2023 09:06:09,C,Kurikulum 2013,69967205,Swasta,SMP,Yayasan,021/YIYPD/AR/VII/2015,2015-07-18,420/5803/414.050/2017,2017-09-26,Tidak ada,BANK JATIM,JATIROGO,SMP ISLAM AR ROHMAH JATIROGO,Bersedia Menerima,Pagi,Belum Bersertifikat,PLN,1800,Smartfren,Jl. Raya Bader No.17 Jatirogo,3 / 1,BADER,Bader,Kec. Jatirogo,Kab. Tuban,Prov. Jawa Timur,62362,-6,111,3,0,1,1,1,0,1,1,1,1,4,4,2,0,0,0,0,0,0,0,0,0,0,0,0,0,7,3,0,2,4,6,0,0,0,0,0,0,0,0,8,8,2,22,11,11,3,3,1,1,2,2,0,0,0,0,1,1,0,0,1,1,4,4,1,1,0,0,0,0,0,0,1,1,1,1,1,1,,,,,,,,,,,,,,,,,,
050618,SMP PLUS AL MUHIBBIN,https://dapo.kemdikbud.go.id/sekolah/C0FCFFC600A5C6686DB8,http://sekolah.data.kemdikbud.go.id/index.php/chome/profil/541a5e7f-db40-434c-bea9-ed5e514ba11d,25 Mar 2023 08:12:12,C,Kurikulum 2013,69906380,Swasta,SMP,Yayasan,10/SK/YAM/01/2015,2015-04-06,420/2456/414.050/2019,2015-09-22,Tidak ada,bank jatim,capen jatirogo,smp plus al muhibbin,Bersedia Menerima,Pagi,Belum Bersertifikat,PLN,4400,Telkomsel Flash,Jl. Raya Lasem KM.4 Kebonharjo Jatirogo,1 / 2,dukuh,Kebonharjo,Kec. Jatirogo,Kab. Tuban,Prov. Jawa Timur,62362,-6,111,11,0,1,2,1,0,1,1,1,2,5,10,2,3,0,0,0,0,0,0,0,0,0,0,0,0,72,53,49,52,53,84,0,0,0,0,0,0,0,0,11,15,5,363,174,189,12,12,0,0,1,1,0,0,0,0,1,1,1,1,0,0,5,5,0,0,0,0,0,0,0,0,0,0,0,0,1,1,,,,,,,,,,,,,,,,,,
050618,SMP UNGGULAN BINA NUSANTARA JATIROGO,https://dapo.kemdikbud.go.id/sekolah/B35F396A9F0F6BA7C920,http://sekolah.data.kemdikbud.go.id/index.php/chome/profil/d6efe57d-dfbe-4e5d-90b7-e19bfe189731,17 Mar 2023 08:19:45,,Kurikulum 2013,70035991,Swasta,SMP,Yayasan,420/9067/414.101/2021,2021-11-22,420/7331/414.101.3/2022,2022-11-17,Tidak ada,,,,Bersedia Menerima,Pagi,Belum Bersertifikat,PLN,1300,Telkomsel Flash,Dusun Klangon RT. 003 RW. 003 Desa Wotsogo,3 / 3,Klangon,Wotsogo,Kec. Jatirogo,Kab. Tuban,Prov. Jawa Timur,62362,0,0,1,0,1,1,1,0,1,1,1,1,2,2,3,1,0,0,0,0,0,0,0,0,0,0,0,0,6,13,0,0,0,0,0,0,0,0,0,0,0,0,41,4,4,19,6,13,0,1,0,0,0,0,0,0,0,1,0,1,0,0,0,0,0,1,0,0,0,0,0,0,0,1,0,0,0,0,0,7,,,,,,,,,,,,,,,,,,
050618,SMA NEGERI JATIROGO,https://dapo.kemdikbud.go.id/sekolah/C9D76B9AFB98F98117E1,http://sekolah.data.kemdikbud.go.id/index.php/chome/profil/cfcf5faf-cf67-47ef-a7f2-5ce00bf04910,27 Mar 2023 10:09:00,A,Kurikulum 2013,20505015,Negeri,SMA,Pemerintah Daerah,377/041.1E5.83SK,1983-12-09,377/041.1E5.83SK,1983-12-09,Tidak ada,BANK JATIM,CAPEM JATIROGO,SMA NEGERI 1 JATIROGO R-BOS,Bersedia Menerima,Sehari penuh (5 h/m),Belum Bersertifikat,PLN,23000,Telkom Speedy,JL. RAYA BADER NO. 20 JATIROGO,3 / 1,MULYOREJO,Bader,Kec. Jatirogo,Kab. Tuban,Prov. Jawa Timur,62362,-6,111,21,0,6,3,3,4,2,3,3,3,20,20,14,8,0,0,0,0,0,0,0,0,0,0,0,0,0,0,0,0,0,0,80,166,89,162,83,162,0,0,19,40,22,742,252,490,21,21,1,1,6,8,0,0,1,1,1,1,1,0,1,1,14,4,1,3,0,1,1,0,1,1,1,1,1,1,1,30,,,,,,,,,,,,,,,,,,
050618,SMKN JATIROGO,https://dapo.kemdikbud.go.id/sekolah/5219F15F8EA185804E01,http://sekolah.data.kemdikbud.go.id/index.php/chome/profil/a45b8141-722e-4045-a8f5-f1c06910fbed,14 Mar 2023 12:23:13,A,Kurikulum 2013,20505024,Negeri,SMK,Pemerintah Daerah,02 Tahun 2005,2005-01-25,02 Tahun 2005,2005-01-25,Tidak ada,BPD JAWA TIMUR...,BPD JAWA TIMUR CABANG JATIROGO...,BOSSMKNJATIROGOTUBAN...,Bersedia Menerima,Sehari penuh (5 h/m),9001,PLN,6600,Telkom Astinet,JL. RAYA BADER NO.55 JATIROGO,3 / 4,,Bader,Kec. Jatirogo,Kab. Tuban,Prov. Jawa Timur,62362,-6,111,41,0,5,3,5,0,2,3,3,1,31,33,14,9,0,0,0,0,0,0,0,0,0,0,0,0,0,0,0,0,0,0,282,170,251,180,243,201,61,6,15,64,23,1394,837,557,26,26,1,1,5,5,0,0,1,1,6,8,1,1,1,1,13,13,1,1,0,0,0,0,3,3,1,1,1,1,15,16,,,,,,,,,,,,,,,,,,
050618,SMK BINA NUSANTARA JATIROGO,https://dapo.kemdikbud.go.id/sekolah/36876540DE435C1CAE23,http://sekolah.data.kemdikbud.go.id/index.php/chome/profil/c5909339-9361-4b36-adbd-b4fa8c776d35,23 Feb 2023 08:50:58,C,Kurikulum 2013,69976614,Swasta,SMK,Yayasan,P2T/22/19.06/01/IV/2018,2018-04-11,465/18.05/02/IX/2022,2022-09-15,Tidak ada,BANK JATIM,JATIROGO,SMK BINA NUSANTARA JATIROGO,Bersedia Menerima,Pagi,Belum Bersertifikat,PLN,1350,Tidak Ada,Desa Watsogo,3 / 3,Klangon,Wotsogo,Kec. Jatirogo,Kab. Tuban,Prov. Jawa Timur,62362,-6,111,6,0,3,1,1,1,1,1,1,1,3,6,1,1,0,0,0,0,0,0,0,0,0,0,0,0,0,0,0,0,0,0,13,13,14,21,22,13,0,0,7,9,2,96,49,47,6,6,0,0,0,0,0,0,0,0,1,1,1,1,0,0,2,2,1,1,0,0,0,0,1,1,0,0,0,0,1,1,,,,,,,,,,,,,,,,,,
050618,SMK PELAYARAN JATIROGO,https://dapo.kemdikbud.go.id/sekolah/DFDA2BF63A3EF24B61CE,http://sekolah.data.kemdikbud.go.id/index.php/chome/profil/94ce4f56-3dbf-4ef6-9f3f-98850a818ec0,14 Feb 2023 08:11:03,C,Kurikulum 2013,69944156,Swasta,SMK,Yayasan,002/Y-UM/V/2015,2015-05-02,420/848/414.050/2016,2016-02-18,Tidak ada,BANK JATIM,JATIROGO,SMK PELAYARAN JATIROGO,Bersedia Menerima,Pagi,Belum Bersertifikat,PLN,900,Tidak Ada,Jl. Blora No.107 Ds. Wotsogo Kec. Jatirogo,4 / 7,WOTSOGO,Wotsogo,Kec. Jatirogo,Kab. Tuban,Prov. Jawa Timur,62362,-6,111,6,0,0,0,0,0,0,0,0,0,1,6,1,3,0,0,0,0,0,0,0,0,0,0,0,0,0,0,0,0,0,0,3,2,6,1,6,2,0,0,8,7,4,20,15,5,4,4,1,1,0,0,0,0,1,1,1,1,0,0,0,0,2,2,0,0,0,0,0,0,0,0,0,0,0,0,1,1,,,,,,,,,,,,,,,,,,
050618,PKBM AL-HIKMAH,https://dapo.kemdikbud.go.id/sekolah/1C627BA8BCB0A9E27AAC,http://sekolah.data.kemdikbud.go.id/index.php/chome/profil/68a0648a-eff1-45ad-b74b-2da6db293458,26 Mar 2023 13:53:37,C,Kurikulum 2013,P2962495,Swasta,PKBM,Yayasan,421.1/5988/414.050/SK/2013,2013-12-13,188.4/872/414.101/SK/2019,2019-02-08,Tidak ada,BPD JAWA TIMUR,Jatirogo,P2962495 PKBM ALHIKMAH,Bersedia Menerima,Sore,9001,PLN,129,Telkom Speedy,KLANGON RT.03 RW.03 Ds.Wotsogo Kec Jatirogo,3 / 3,Klangon,Wotsogo,Kec. Jatirogo,Kab. Tuban,Prov. Jawa Timur,62362,-6,111,8,0,5,4,4,3,3,3,1,3,4,2,1,2,0,0,0,0,0,0,0,0,0,0,0,0,0,0,0,0,0,0,0,0,0,0,0,0,0,0,4,6,3,177,83,94,7,7,0,0,0,0,0,0,0,0,1,1,1,1,0,0,4,4,1,1,0,0,0,0,0,0,0,0,0,0,1,1,,,,,,,,,,,,,,,,,,
050618,PKBM ATH-THOHIRIYAH,https://dapo.kemdikbud.go.id/sekolah/ED1944CC395C4DE06937,http://sekolah.data.kemdikbud.go.id/index.php/chome/profil/5c6407e2-fd9a-4c7a-88c8-d9f13f632b9c,24 Mar 2023 22:04:09,,Kurikulum 2013,P9962812,Swasta,PKBM,Yayasan,421.1/099/414.050/SK/2016,2014-12-09,421.1/099/414.050/SK/2016,2014-12-09,Tidak ada,BPD JAWA TIMUR,Jatirogo,P9962812 PKBM ATH THOHIRIYAH,Bersedia Menerima,,Proses Sertifikasi,PLN,900,Smartfren,DESA PASEYAN RT 01 RW O2,1 / 2,Ds. paseyan Kec. jatirogo,Paseyan,Kec. Jatirogo,Kab. Tuban,Prov. Jawa Timur,62362,-6,111,7,0,7,6,5,3,6,3,7,4,0,0,1,0,0,0,0,0,0,0,0,0,0,0,0,0,0,0,0,0,0,0,0,0,0,0,0,0,0,0,5,0,1,115,92,23,7,7,1,1,0,0,0,0,1,1,3,3,1,1,1,1,5,5,1,1,0,0,0,0,1,1,1,1,0,0,1,1,,,,,,,,,,,,,,,,,,
