prov_name,kab_name,kec_name,link_sekolah_kita,link_referensi,nama,npsn,alamat,desa/kelurahan,kecamatan/kota_(ln),kab.-kota/negara_(ln),propinsi/luar_negeri_(ln),status_sekolah,bentuk_pendidikan,kementerian_pembina,naungan,npyp,no._sk._pendirian,tanggal_sk._pendirian,nomor_sk_operasional,tanggal_sk_operasional,file_sk_operasional,tanggal_upload_sk_op.,akreditasi,luas_tanah,akses_internet,akses_internet_2,sumber_listrik,fax,telepon,email,website,lintang,bujur,guru,siswa_laki_laki,siswa_perempuan,rombongan_belajar,kurikulum,penyelenggaraan,manajemen_berbasis_sekolah,semester_data,akses_internet_sekolah_kita,daya_listrik,ruang_kelas,laboratorium,perpustakaan,sanitasi_siswa,guru_pns,guru_gtt,guru_gty,guru_honor,guru_gol_i,guru_gol_ii,guru_gol_iii,guru_gol_iv,guru_sertifikasi,guru_belum_sertifikasi,guru_kurang_dari_s1,guru_s1_atau_lebih,guru_data_kosong,guru_kurang_dari_30_tahun,guru_31_35_tahun,guru_36_40,guru_41_45_tahun,guru_46_50_tahun,guru_51_55_tahun,guru_lebih_dari_55_tahun,guru_laki_laki,guru_perempuan,ruang_kelas_baik,ruang_kelas_rusak_ringan,ruang_kelas_rusak_sedang,ruang_kelas_rusak_berat,perpustakaan_baik,perpustakaan_rusak_ringan,perpustakaan_rusak_sedang,perpustakaan_rusak_berat
Jawa Timur,Kota Probolinggo,Kedopok,https://sekolah.data.kemdikbud.go.id/index.php/Chome/profil/B8668BFA-C874-4638-8356-AF4A6E325C43,https://referensi.data.kemdikbud.go.id/pendidikan/npsn/69836765,KB AISYIYAH IV,69836765,SUNAN AMPEL 109 B,JREBENG LOR,KEC. KEDOPOK,KOTA PROBOLINGGO,PROV. JAWA TIMUR,SWASTA,KB,"Kementerian Pendidikan, Kebudayaan, Riset dan Teknologi",Yayasan Pimpinan Daerah Muhammadiyah (PDM) Kota Probolinggo,AB5391,,,4219.577141.5103.2102,,Silakan Upload SK,,B,110,1. -,2. -,PLN,,,,,-7.771876000000,113.218196000000,2,0,0,0,2013,Pagi/6 hari,,2022/2023-2,Tidak Ada,900,3,0,0,1,0,0,3,0,2,0,0,0,0,2,0,1,1,0,1,0,0,0,1,0,0,2,3,0,0,0,0,0,0,0
Jawa Timur,Kota Probolinggo,Kedopok,https://sekolah.data.kemdikbud.go.id/index.php/Chome/profil/2DF37AD0-6F27-420C-B94E-85B7249CFFCD,https://referensi.data.kemdikbud.go.id/pendidikan/npsn/69836758,KB AL ISHLAH,69836758,JL. MUSI,JREBENG KULON,KEC. KEDOPOK,KOTA PROBOLINGGO,PROV. JAWA TIMUR,SWASTA,KB,"Kementerian Pendidikan, Kebudayaan, Riset dan Teknologi",,,No. 024/NOT/III/2010,24-03-2008,420/0001/425.117/SIO-DIK/2022,12-01-2022,Lihat SK Operasional,2022-08-11 10,,240,1. Telkom Speedy,2. Telkom Speedy,PLN,,,alislahkb526@gmail.com,,-7.773375000000,113.200722000000,2,0,0,0,2013,Sehari Penuh/5 hari,,2022/2023-2,Telkom Speedy,450,2,0,0,2,0,0,3,0,2,0,0,0,0,2,0,0,2,2,0,0,0,0,0,0,0,2,2,0,0,0,0,0,0,0
Jawa Timur,Kota Probolinggo,Kedopok,https://sekolah.data.kemdikbud.go.id/index.php/Chome/profil/C62EE373-66C7-4D8D-8372-BE9860287B94,https://referensi.data.kemdikbud.go.id/pendidikan/npsn/69836757,KB AL JANNAH,69836757,JL. PROGO,JREBENG KULON,KEC. KEDOPOK,KOTA PROBOLINGGO,PROV. JAWA TIMUR,SWASTA,KB,"Kementerian Pendidikan, Kebudayaan, Riset dan Teknologi",Yayasan Miftahul Ulum,AE7373,AHU-0015254.AH.01.04 Tahun 2015,02-10-2015,420/022/425.117/SIO-DIK/2021,14-12-2021,Lihat SK Operasional,2022-01-10 14,,324,1. Smartfren,2. Telkom Speedy,PLN,,,,,-7.788214000000,113.202095000000,1,0,0,0,2013,Pagi/6 hari,,2022/2023-2,Smartfren,450,3,0,0,2,0,0,3,0,1,0,0,0,0,1,0,0,1,0,0,0,0,0,1,0,0,1,2,0,1,0,0,0,0,0
Jawa Timur,Kota Probolinggo,Kedopok,https://sekolah.data.kemdikbud.go.id/index.php/Chome/profil/A04F12E0-5908-46C7-8CF6-358B5D5009D0,https://referensi.data.kemdikbud.go.id/pendidikan/npsn/69836755,KB ASSIBYANY,69836755,Jl. Kedondong Dusun Krajan,KARENG LOR,KEC. KEDOPOK,KOTA PROBOLINGGO,PROV. JAWA TIMUR,SWASTA,KB,"Kementerian Pendidikan, Kebudayaan, Riset dan Teknologi",Yayasan Insan Cita,AB5423,AHU-0015424.AH.01.04.2015,05-10-2015,421.9/418/425.103/2019,14-02-2019,Lihat SK Operasional,2021-06-11 19,C,980,1. -,2. Telkom Speedy,PLN,,,paudassibyani@yahoo.com,,-7.797584000000,113.200990000000,2,0,0,0,2013,Pagi/6 hari,,2022/2023-2,Tidak Ada,"1,300",3,0,0,1,0,0,3,0,2,0,0,0,0,2,0,1,1,0,2,0,0,0,0,0,0,2,3,0,0,0,0,0,0,0
Jawa Timur,Kota Probolinggo,Kedopok,https://sekolah.data.kemdikbud.go.id/index.php/Chome/profil/FBA0D886-FF42-4E86-9F8A-A2D29A584AF2,https://referensi.data.kemdikbud.go.id/pendidikan/npsn/69836760,KB BAITUL HAKIM,69836760,Jl. Bengawan Solo Gg. KH. Amin,JREBENG KULON,KEC. KEDOPOK,KOTA PROBOLINGGO,PROV. JAWA TIMUR,SWASTA,KB,"Kementerian Pendidikan, Kebudayaan, Riset dan Teknologi",Yayasan BAITUL HAKIM,AE7374,020,11-06-2013,421.9/2960/425.103/2015,28-10-2015,Lihat SK Operasional,2016-08-30 21,Belum Terakreditasi,225,1. -,2. Biznet (Kabel),PLN,,,KBbaitulhakim123@gmail.com,,.000000000000,.000000000000,2,0,0,0,2013,Pagi/6 hari,,2022/2023-2,Tidak Ada,450,3,0,0,1,0,0,0,2,2,0,0,0,0,2,0,0,2,1,0,0,1,0,0,0,0,2,2,1,0,0,0,0,0,0
Jawa Timur,Kota Probolinggo,Kedopok,https://sekolah.data.kemdikbud.go.id/index.php/Chome/profil/8226E0F1-7E59-43E4-9BBB-C7632FE3E4C9,https://referensi.data.kemdikbud.go.id/pendidikan/npsn/69836810,KB BAYUANGGA I,69836810,Jl. Durian No 14,SUMBER WETAN,KEC. KEDOPOK,KOTA PROBOLINGGO,PROV. JAWA TIMUR,SWASTA,KB,"Kementerian Pendidikan, Kebudayaan, Riset dan Teknologi",,,AHU-0028167.AH.01.04.2015,02-12-2015,421.9/908/1425.103/2016,17-03-2016,Lihat SK Operasional,2018-10-08 15,,0,1. -,2. Indosat IM3,PLN,,,kbbyg1kdp@gmail.com,,.000000000000,.000000000000,1,0,0,0,2013,Pagi/6 hari,,2022/2023-2,Tidak Ada,450,2,0,0,0,0,0,1,1,1,0,0,0,0,1,0,0,1,0,1,0,0,0,0,0,0,1,2,0,0,0,0,0,0,0
Jawa Timur,Kota Probolinggo,Kedopok,https://sekolah.data.kemdikbud.go.id/index.php/Chome/profil/59D070AD-3E29-4D3B-B7D8-0358902C15A6,https://referensi.data.kemdikbud.go.id/pendidikan/npsn/69836754,KB CERIA,69836754,Griya Prasaja Mulya Blok DD No. 14,KARENG LOR,KEC. KEDOPOK,KOTA PROBOLINGGO,PROV. JAWA TIMUR,SWASTA,KB,"Kementerian Pendidikan, Kebudayaan, Riset dan Teknologi",,,C-697.HT.01.02.TH.2006,03-04-2006,421.9/2536/425.103/2015,18-09-2015,Lihat SK Operasional,2016-10-05 09,B,0,1. Indosat Mentari,2. Indosat IM3,PLN,,,kbceriaprob77@gmail.com,,.000000000000,.000000000000,1,0,0,0,2013,Sehari Penuh/5 hari,,2022/2023-2,Indosat Mentari,900,0,0,0,1,0,0,2,0,1,0,0,0,0,1,0,1,0,0,0,1,0,0,0,0,0,1,0,0,0,2,0,0,0,0
Jawa Timur,Kota Probolinggo,Kedopok,https://sekolah.data.kemdikbud.go.id/index.php/Chome/profil/12476600-A607-4690-902B-8198DB25D980,https://referensi.data.kemdikbud.go.id/pendidikan/npsn/69909915,KB DELIMA,69909915,Jl. KH. Abdul Hamid Gg. III,JREBENG LOR,KEC. KEDOPOK,KOTA PROBOLINGGO,PROV. JAWA TIMUR,SWASTA,KB,"Kementerian Pendidikan, Kebudayaan, Riset dan Teknologi",Yayasan DHARMA WANITA KOTA PROOBOLINGGO,AE7412,AHU-0028167.AH.01.04.2015,02-12-2015,421.9/2645/425.103/2019,08-11-2016,Lihat SK Operasional,2021-06-11 16,,42,1. -,2. -,PLN,,,kbdelima1234567@gmail.com,,.000000000000,.000000000000,2,0,0,0,2013,Pagi/6 hari,,2022/2023-2,Tidak Ada,450,1,0,0,2,0,0,2,0,2,0,0,0,0,2,0,1,1,0,0,1,1,0,0,0,0,2,1,0,0,0,0,0,0,0
Jawa Timur,Kota Probolinggo,Kedopok,https://sekolah.data.kemdikbud.go.id/index.php/Chome/profil/9AF5A329-58D2-4F38-9E34-55BC35FE626D,https://referensi.data.kemdikbud.go.id/pendidikan/npsn/69974811,KB Kemuning,69974811,JL. Prof. Dr. Hamka No.35,KARENG LOR,KEC. KEDOPOK,KOTA PROBOLINGGO,PROV. JAWA TIMUR,SWASTA,KB,"Kementerian Pendidikan, Kebudayaan, Riset dan Teknologi",,,81/YDW/Kt.Pb/VIII/2017,22-08-2017,421.9/392.5/425.103/2020,10-02-2020,Lihat SK Operasional,2021-06-14 08,,16,1. Indosat IM3,2. Telkomsel Flash,PLN,,,damimegawati@gmail.com,,-7.794600000000,113.199300000000,0,0,0,0,2013,Sehari Penuh/5 hari,,2022/2023-2,Indosat IM3,450,1,0,0,1,0,0,1,0,0,0,0,0,0,0,0,0,0,0,0,0,0,0,0,0,0,0,1,0,0,0,0,0,0,0
Jawa Timur,Kota Probolinggo,Kedopok,https://sekolah.data.kemdikbud.go.id/index.php/Chome/profil/10D1283F-59CE-4EA9-90C5-6888519F4546,https://referensi.data.kemdikbud.go.id/pendidikan/npsn/69980955,KB KENANGA,69980955,"JL. KH. ABDUL HAMID, RT 01 / RW 02, JREBENG LOR",JREBENG LOR,KEC. KEDOPOK,KOTA PROBOLINGGO,PROV. JAWA TIMUR,SWASTA,KB,"Kementerian Pendidikan, Kebudayaan, Riset dan Teknologi",,,59/SK/YBPB/VI/2018,06-06-2018,421.9/2081/425.103/2020,01-09-2020,Lihat SK Operasional,2021-08-22 11,,0,1. -,2. Indosat IM3,PLN,,,paudkbkenanga22@yahoo.com,,-7.764500000000,113.218600000000,2,0,0,0,2013,Pagi/6 hari,,2022/2023-2,Tidak Ada,"1,300",1,0,0,2,0,0,2,0,2,0,0,0,1,1,0,0,2,0,2,0,0,0,0,0,0,2,1,0,0,0,0,0,0,0
Jawa Timur,Kota Probolinggo,Kedopok,https://sekolah.data.kemdikbud.go.id/index.php/Chome/profil/AD18902B-12F1-4BB3-AE3D-F8F97694BA9F,https://referensi.data.kemdikbud.go.id/pendidikan/npsn/69836759,KB MIFTAHUL ULUM,69836759,Jl. Musi   RT. 02 / RW. 04,JREBENG KULON,KEC. KEDOPOK,KOTA PROBOLINGGO,PROV. JAWA TIMUR,SWASTA,KB,"Kementerian Pendidikan, Kebudayaan, Riset dan Teknologi",Yayasan Miftahul Ulum Al Kholil,AB5428,AHU-0016687.AH.01.04.2015,13-10-2015,421.9/602/425.103/2021,11-03-2021,Silakan Upload SK (link file tidak valid) => [494231-740112--],2021-08-18 13,,250,1. Indosat IM3,2. Lainnya,PLN,,,kbramiftahululum@gmail.com,,-7.773900000000,113.203200000000,1,0,0,0,2013,Pagi/6 hari,,2022/2023-2,Indosat IM3,900,2,0,0,2,0,0,1,0,1,0,0,0,0,1,0,0,1,0,0,1,0,0,0,0,0,1,2,0,0,0,0,0,0,0
Jawa Timur,Kota Probolinggo,Kedopok,https://sekolah.data.kemdikbud.go.id/index.php/Chome/profil/CE90A301-2697-42EC-AFC4-6F6C0C40FCE9,https://referensi.data.kemdikbud.go.id/pendidikan/npsn/69836753,KB MUTIARA HARAPAN,69836753,Jl. Genitu No. 45,SUMBER WETAN,KEC. KEDOPOK,KOTA PROBOLINGGO,PROV. JAWA TIMUR,SWASTA,KB,"Kementerian Pendidikan, Kebudayaan, Riset dan Teknologi",Yayasan Al Hasyim Fauziah,AB5429,AHU-3658.AH.01.04.2011,16-06-2011,421.9/1162/425.103/2021,03-05-2021,Lihat SK Operasional,2022-07-25 08,,750,1. Telkom Speedy,2. Telkom Speedy,PLN,,,mutiaraharapan323@gmail.com,,-7.809029000000,113.185073000000,1,0,0,0,2013,Pagi/6 hari,,2022/2023-2,Telkom Speedy,900,2,0,0,1,0,0,2,0,1,0,0,0,0,1,0,0,1,1,0,0,0,0,0,0,0,1,0,2,0,0,0,0,0,0
Jawa Timur,Kota Probolinggo,Kedopok,https://sekolah.data.kemdikbud.go.id/index.php/Chome/profil/21C74EBD-29C2-4593-B542-135880976A05,https://referensi.data.kemdikbud.go.id/pendidikan/npsn/69836811,KB PERMATA BUNDA I,69836811,Jl. Kedondong No. 43,KARENG LOR,KEC. KEDOPOK,KOTA PROBOLINGGO,PROV. JAWA TIMUR,SWASTA,KB,"Kementerian Pendidikan, Kebudayaan, Riset dan Teknologi",,,AHU-0028167.AH.01.04.2015,02-12-2015,421.9/309/423.103/2021,20-03-2021,Lihat SK Operasional,2021-06-10 00,B,0,1. -,2. -,PLN,,,roitmorti@gmail.com,,-7.798900000000,113.199500000000,3,0,0,0,2013,Double Shift/6 hari,,2022/2023-2,Tidak Ada,450,0,0,0,0,0,0,4,0,3,0,0,0,0,3,0,1,2,1,0,2,0,0,0,0,1,2,0,0,0,2,0,0,0,0
Jawa Timur,Kota Probolinggo,Kedopok,https://sekolah.data.kemdikbud.go.id/index.php/Chome/profil/C8E542FC-563D-4388-8120-0DEFAA57B0F9,https://referensi.data.kemdikbud.go.id/pendidikan/npsn/69836812,KB PERMATA BUNDA II,69836812,Jl. Barito RT 4 RW 2,KARENG LOR,KEC. KEDOPOK,KOTA PROBOLINGGO,PROV. JAWA TIMUR,SWASTA,KB,"Kementerian Pendidikan, Kebudayaan, Riset dan Teknologi",,,AHU-0028167.AH.01.04.2015,02-12-2015,421.9/907/425.103/2016,17-03-2016,Lihat SK Operasional,2016-06-16 13,,0,1. -,2. -,PLN,,,permatabunda2kedopok@gmail.com,,.000000000000,.000000000000,1,0,0,0,2013,Pagi/6 hari,,2022/2023-2,Tidak Ada,899,2,0,0,0,0,0,2,0,1,0,0,0,0,1,0,0,1,0,0,0,0,0,1,0,0,1,2,0,0,0,0,0,0,0
Jawa Timur,Kota Probolinggo,Kedopok,https://sekolah.data.kemdikbud.go.id/index.php/Chome/profil/CB35AB48-9F51-4D4F-A5AA-3AD71E299795,https://referensi.data.kemdikbud.go.id/pendidikan/npsn/69836815,KB PERMATA HATI,69836815,Jl. Bengawan Solo No. 15,JREBENG WETAN,KEC. KEDOPOK,KOTA PROBOLINGGO,PROV. JAWA TIMUR,SWASTA,KB,"Kementerian Pendidikan, Kebudayaan, Riset dan Teknologi",Yayasan dharnawanita,AE7403,AHU-0028167.AH.01.04.2015,02-12-2015,421.9/709/425.103/2021,23-03-2021,Lihat SK Operasional,2021-10-21 08,,60,1. -,2. -,PLN,,,,,.000000000000,.000000000000,2,0,0,0,2013,Pagi/6 hari,,2022/2023-2,Tidak Ada,450,2,0,0,1,0,0,0,2,2,0,0,0,0,2,0,0,2,0,0,0,0,0,2,0,0,2,2,0,0,0,0,0,0,0
Jawa Timur,Kota Probolinggo,Kedopok,https://sekolah.data.kemdikbud.go.id/index.php/Chome/profil/5901E767-7011-43DF-AD5C-BBF9A7A4F9D9,https://referensi.data.kemdikbud.go.id/pendidikan/npsn/69905196,KB PERMATA IBU,69905196,Jl. Jambu   RT. 05 RW. 06,SUMBER WETAN,KEC. KEDOPOK,KOTA PROBOLINGGO,PROV. JAWA TIMUR,SWASTA,KB,"Kementerian Pendidikan, Kebudayaan, Riset dan Teknologi",yayasan al-ibrohimiy sumber wetan,AB5430,AHU-0024487.AH.01.04.2015,19-11-2015,421.9/365/425.103/2017,21-02-2017,Lihat SK Operasional,2017-03-10 14,Belum Terakreditasi,200,1. Telkomsel Flash,2. Telkom Speedy,PLN,,,ahmadsqprolink123@gmail.com,,-5.443823000000,114.426277000000,0,0,0,0,2013,Pagi/6 hari,,2022/2023-2,Telkomsel Flash,0,2,0,0,1,0,0,1,0,0,0,0,0,0,0,0,0,0,0,0,0,0,0,0,0,0,0,0,2,0,0,0,0,0,0
Jawa Timur,Kota Probolinggo,Kedopok,https://sekolah.data.kemdikbud.go.id/index.php/Chome/profil/8FA46588-2563-4231-A4B9-306FC62C121B,https://referensi.data.kemdikbud.go.id/pendidikan/npsn/69836766,KB PERTIWI,69836766,Jl. Ir. Sutami,JREBENG LOR,KEC. KEDOPOK,KOTA PROBOLINGGO,PROV. JAWA TIMUR,SWASTA,KB,"Kementerian Pendidikan, Kebudayaan, Riset dan Teknologi",,,AHU-0028167.AH.01.04.2015,02-12-2015,421.9/909/425.103/2016,17-03-2016,Lihat SK Operasional,2016-06-16 13,,0,1. -,2. -,PLN,,,kbpertiwi_probolinggo@yahoo.com,,-7.803452000000,113.215562000000,1,0,0,0,2013,Pagi/6 hari,,2022/2023-2,Tidak Ada,900,1,0,0,0,0,0,2,0,1,0,0,0,0,1,0,0,1,0,0,0,1,0,0,0,0,1,1,0,0,0,0,0,0,0
Jawa Timur,Kota Probolinggo,Kedopok,https://sekolah.data.kemdikbud.go.id/index.php/Chome/profil/066F52AD-6770-4F74-B2B2-2C6363309159,https://referensi.data.kemdikbud.go.id/pendidikan/npsn/69836764,KB RAUDHLATUL HASANIYAH,69836764,Jl. KH. Abd. Hamid Gg. Pesantren No. 35A,JREBENG LOR,KEC. KEDOPOK,KOTA PROBOLINGGO,PROV. JAWA TIMUR,SWASTA,KB,"Kementerian Pendidikan, Kebudayaan, Riset dan Teknologi",YAYASAN PONDOK PESANTREN RAUDLATUL HASANIYAH KOTA PROBOLINGGO,AE7371,AHU-0025500.AH.01.04.2015,23-11-2015,421.9/598/425.103/2021,13-03-2021,Lihat SK Operasional,2021-06-12 11,,30,1. -,2. Telkomsel Flash,PLN,,,kbraudlatulhasaniyah@gmail.com,,.000000000000,.000000000000,1,0,0,0,2013,Pagi/6 hari,,2022/2023-2,Tidak Ada,900,1,0,0,1,0,0,2,0,1,0,0,0,0,1,0,0,1,0,0,1,0,0,0,0,0,1,1,0,0,0,0,0,0,0
Jawa Timur,Kota Probolinggo,Kedopok,https://sekolah.data.kemdikbud.go.id/index.php/Chome/profil/591BFEAE-A3B7-41D2-A23D-CB65D72AB146,https://referensi.data.kemdikbud.go.id/pendidikan/npsn/69836814,KB SETIA KAWAN,69836814,Jl. Serayu No. 68,JREBENG KULON,KEC. KEDOPOK,KOTA PROBOLINGGO,PROV. JAWA TIMUR,SWASTA,KB,"Kementerian Pendidikan, Kebudayaan, Riset dan Teknologi",,,AHU-0028167.AH.01.04.2015,02-12-2015,421.9/743/425.103/2019,15-03-2019,Lihat SK Operasional,2021-01-24 00,Belum Terakreditasi,0,1. -,2. -,PLN,,,kbsetiakawan@gmail.com,,-7.775602000000,113.207304000000,2,0,0,0,2013,Sehari Penuh/5 hari,,2022/2023-2,Tidak Ada,900,2,0,0,1,0,0,2,1,2,0,0,0,0,2,0,0,2,0,0,0,2,0,0,0,0,2,0,2,0,0,0,0,0,0
Jawa Timur,Kota Probolinggo,Kedopok,https://sekolah.data.kemdikbud.go.id/index.php/Chome/profil/A6205FA0-D73C-4497-891F-BCD3C885D7EE,https://referensi.data.kemdikbud.go.id/pendidikan/npsn/69919039,KB YAA BUNAYYA,69919039,Jl. Porong No. 20,SUMBER WETAN,KEC. KEDOPOK,KOTA PROBOLINGGO,PROV. JAWA TIMUR,SWASTA,KB,"Kementerian Pendidikan, Kebudayaan, Riset dan Teknologi",Yayasan AL IHSAN,AB5424,017,07-02-1995,412.9/3510/425.103/2019,16-12-2019,Lihat SK Operasional,2021-06-11 13,B,225,1. 3 (Tri),2. Telkom Speedy,PLN,,,kb.yaabunayya3@gmail.com,,.000000000000,.000000000000,1,0,0,0,2013,Sehari Penuh/5 hari,,2022/2023-2,3 (Tri),900,2,0,1,2,0,0,2,0,1,0,0,0,0,1,0,0,1,0,0,1,0,0,0,0,0,1,1,1,0,0,0,1,0,0
Jawa Timur,Kota Probolinggo,Kedopok,https://sekolah.data.kemdikbud.go.id/index.php/Chome/profil/623D0382-AA5A-43D2-9A69-45BF010F36F0,https://referensi.data.kemdikbud.go.id/pendidikan/npsn/69749834,RA NURUL YAQIN,69749834,JL. SUNAN AMPEL NO. 10 B,JREBENG LOR,KEC. KEDOPOK,KOTA PROBOLINGGO,PROV. JAWA TIMUR,SWASTA,RA,Kementerian Agama,,,W.m.06.02/766/Ket./1984,01-11-1984,Kd.13.37/4/PP.00/062/2010,21-06-2010,Lihat SK Operasional,2016-02-12 07,C,0,,2.,,,,,,-7.780347000000,113.220934000000,0,0,0,0,,,,2022/2023-2,,,0,0,0,0,0,0,0,0,0,0,0,0,0,0,0,0,0,0,0,0,0,0,0,0,,,,,,,,,,
Jawa Timur,Kota Probolinggo,Kedopok,https://sekolah.data.kemdikbud.go.id/index.php/Chome/profil/6557D0AA-925F-4611-ACCC-655C8E9A13A8,https://referensi.data.kemdikbud.go.id/pendidikan/npsn/69885371,RA. Al-Khoziniy,69885371,Jl. Jambu Rt.05 Rw.06,KEDOPOK,KEC. KEDOPOK,KOTA PROBOLINGGO,PROV. JAWA TIMUR,SWASTA,RA,Kementerian Agama,Lainnya,,,,,,Silakan Upload SK,,,0,,2.,,,,,,-7.798292000000,113.204533000000,0,0,0,0,,,,2022/2023-2,,,0,0,0,0,0,0,0,0,0,0,0,0,0,0,0,0,0,0,0,0,0,0,0,0,,,,,,,,,,
Jawa Timur,Kota Probolinggo,Kedopok,https://sekolah.data.kemdikbud.go.id/index.php/Chome/profil/E16C1531-1720-483B-9103-DEA4C8A3F74E,https://referensi.data.kemdikbud.go.id/pendidikan/npsn/69749831,RA/BA/TA AS SYAFI`IYAH,69749831,JL KY SYAFI`I NO.11,KEDOPOK,KEC. KEDOPOK,KOTA PROBOLINGGO,PROV. JAWA TIMUR,SWASTA,RA,Kementerian Agama,,,kd.13.37/1/PP.03/080/2009,03-12-2009,-kd.13.37/4/PP.00/066/2010,21-06-2010,Lihat SK Operasional,2016-02-10 11,B,0,,2.,,,,,,-7.793960000000,113.202760000000,0,0,0,0,,,,2022/2023-2,,,0,0,0,0,0,0,0,0,0,0,0,0,0,0,0,0,0,0,0,0,0,0,0,0,,,,,,,,,,
Jawa Timur,Kota Probolinggo,Kedopok,https://sekolah.data.kemdikbud.go.id/index.php/Chome/profil/321BE419-CED2-425D-9215-B8C10B4D0096,https://referensi.data.kemdikbud.go.id/pendidikan/npsn/69749832,RA/BA/TA KEDUNG ARUM,69749832,JL. CIWULAN NO.05,KARENG LOR,KEC. KEDOPOK,KOTA PROBOLINGGO,PROV. JAWA TIMUR,SWASTA,RA,Kementerian Agama,,,Kd.13.37/4/PP.00/065/2010,21-06-2010,Kd.13.37/4/PP.00/065/2010,21-06-2010,Lihat SK Operasional,2016-03-07 07,B,0,,2.,,,,,,-7.790900000000,113.197800000000,0,0,0,0,,,,2022/2023-2,,,0,0,0,0,0,0,0,0,0,0,0,0,0,0,0,0,0,0,0,0,0,0,0,0,,,,,,,,,,
Jawa Timur,Kota Probolinggo,Kedopok,https://sekolah.data.kemdikbud.go.id/index.php/Chome/profil/351EC100-FBA3-4CAA-98E4-E0CA2453B8F3,https://referensi.data.kemdikbud.go.id/pendidikan/npsn/69749833,RA/BA/TA MIFTAHUL ULUM,69749833,JL. MUSI NO. 25,SUMBER WETAN,KEC. KEDOPOK,KOTA PROBOLINGGO,PROV. JAWA TIMUR,SWASTA,RA,Kementerian Agama,,,D/Kd.13.37/RA/002/2004,26-08-2004,Kd.13.37/4/PP.00/064/2010,21-06-2010,Lihat SK Operasional,2016-01-19 08,,0,,2.,,,,,,-7.773900000000,113.203100000000,0,0,0,0,,,,2022/2023-2,,,0,0,0,0,0,0,0,0,0,0,0,0,0,0,0,0,0,0,0,0,0,0,0,0,,,,,,,,,,
Jawa Timur,Kota Probolinggo,Kedopok,https://sekolah.data.kemdikbud.go.id/index.php/Chome/profil/19F9EA21-AA66-45C4-843E-7B7B4B180F49,https://referensi.data.kemdikbud.go.id/pendidikan/npsn/69749835,RA/BA/TA NURUR RAHMAN,69749835,JL. ALPUKAT NO.21,KEDOPOK,KEC. KEDOPOK,KOTA PROBOLINGGO,PROV. JAWA TIMUR,SWASTA,RA,Kementerian Agama,,,Mm.37/5-b/PP.00.4/572/2002,26-09-2002,Kd.13.37/4/PP.00/067/2010,21-06-2010,Lihat SK Operasional,2016-01-25 07,,0,,2.,,,,,,-7.798294000000,113.204532000000,0,0,0,0,,,,2022/2023-2,,,0,0,0,0,0,0,0,0,0,0,0,0,0,0,0,0,0,0,0,0,0,0,0,0,,,,,,,,,,
Jawa Timur,Kota Probolinggo,Kedopok,https://sekolah.data.kemdikbud.go.id/index.php/Chome/profil/F324A9D9-EA0A-4846-A398-AC76585B57D3,https://referensi.data.kemdikbud.go.id/pendidikan/npsn/69749836,RA/BA/TA RAUDLATUL HASANIYAH,69749836,JL. KH.ABD.HAMID GG.PESANTREN 35 A,JREBENG LOR,KEC. KEDOPOK,KOTA PROBOLINGGO,PROV. JAWA TIMUR,SWASTA,RA,Kementerian Agama,,,MM.37/5-b/PP.004/572/2002,26-09-2002,Kd.13.37-4/PP.00/063/2010,01-07-1982,Lihat SK Operasional,2016-02-03 06,,0,,2.,,,,,,-7.761944000000,113.219234000000,0,0,0,0,,,,2022/2023-2,,,0,0,0,0,0,0,0,0,0,0,0,0,0,0,0,0,0,0,0,0,0,0,0,0,,,,,,,,,,
Jawa Timur,Kota Probolinggo,Kedopok,https://sekolah.data.kemdikbud.go.id/index.php/Chome/profil/6623BCD1-26B6-4097-84EB-8B29FB509FFC,https://referensi.data.kemdikbud.go.id/pendidikan/npsn/69836762,TBIT PERMATA 2,69836762,Jl. Mastrip Gang Nanas No. 1,JREBENG WETAN,KEC. KEDOPOK,KOTA PROBOLINGGO,PROV. JAWA TIMUR,SWASTA,KB,"Kementerian Pendidikan, Kebudayaan, Riset dan Teknologi",Yayasan Amanah,AB5418,AHU-0005486.AH.01.04/2015,15-04-2015,421.9/148/425.103/2021,22-01-2021,Lihat SK Operasional,2021-03-26 11,B,0,1. -,2. Telkom Speedy,PLN,,,tabtbit_permata2@yahoo.com,,-7.781942000000,113.212373000000,3,0,0,0,2013,Pagi/6 hari,,2022/2023-2,Tidak Ada,"1,300",4,0,1,2,0,0,4,1,3,0,0,0,0,3,0,2,1,1,2,0,0,0,0,0,0,3,3,1,0,0,1,0,0,0
Jawa Timur,Kota Probolinggo,Kedopok,https://sekolah.data.kemdikbud.go.id/index.php/Chome/profil/D4C45174-C1AE-4FBD-B70E-2CEFC59D6756,https://referensi.data.kemdikbud.go.id/pendidikan/npsn/20557152,TK ABA IV AHMAD YANI,20557152,Jl. Sunan Ampel,JREBENG LOR,KEC. KEDOPOK,KOTA PROBOLINGGO,PROV. JAWA TIMUR,SWASTA,TK,"Kementerian Pendidikan, Kebudayaan, Riset dan Teknologi",Yayasan Pimpinan Daerah Muhammadiyah (PDM) Kota Probolinggo,AB5391,AHU-88.AH.01.07.2010,23-06-2010,421.9/55/425.103/2021,11-01-2021,Lihat SK Operasional,2021-08-06 16,B,330,1. Telkomsel Flash,2. Lainnya (Serat Optik),PLN,,,tkaba4prolink@gmail.com,,-7.773700000000,113.217900000000,6,0,0,0,2013,Sehari Penuh/5 hari,,2022/2023-2,Telkomsel Flash,900,4,0,0,0,0,0,7,0,6,0,0,0,1,5,1,2,3,0,2,0,2,1,1,0,0,6,4,0,0,0,0,0,0,0
Jawa Timur,Kota Probolinggo,Kedopok,https://sekolah.data.kemdikbud.go.id/index.php/Chome/profil/53FEB29E-5E9C-402B-B84B-D283D4E0D53B,https://referensi.data.kemdikbud.go.id/pendidikan/npsn/20557117,TK AL IHSAN,20557117,Jl. Porong No. 20,SUMBER WETAN,KEC. KEDOPOK,KOTA PROBOLINGGO,PROV. JAWA TIMUR,SWASTA,TK,"Kementerian Pendidikan, Kebudayaan, Riset dan Teknologi",,,01,04-01-2010,412.9/597/425.103/2021,13-03-2021,Lihat SK Operasional,2021-06-11 12,B,450,1. 3 (Tri),2. Telkom Speedy,PLN,,,tkalihsan.kedopok@gmail.com,,.000000000000,.000000000000,2,0,0,0,2013,Sehari Penuh/5 hari,,2022/2023-2,3 (Tri),900,2,0,1,2,0,0,3,0,2,0,0,0,0,2,2,0,0,0,0,0,0,2,0,0,0,2,0,2,0,0,1,0,0,0
Jawa Timur,Kota Probolinggo,Kedopok,https://sekolah.data.kemdikbud.go.id/index.php/Chome/profil/998426B3-4E1A-48F7-878B-EF40C9684C45,https://referensi.data.kemdikbud.go.id/pendidikan/npsn/70007419,TK AL-JANNAH,70007419,Jl. Progo RT. 002 RW. 003,JREBENG KULON,KEC. KEDOPOK,KOTA PROBOLINGGO,PROV. JAWA TIMUR,SWASTA,TK,"Kementerian Pendidikan, Kebudayaan, Riset dan Teknologi",,,642.2/509/425.117/2020,04-11-2020,420/006/425.117/SIO.DIK/2020,30-11-2020,Lihat SK Operasional,2021-01-28 09,,324,1. Smartfren,2. Telkomsel Flash,PLN,,,,,.000000000000,.000000000000,2,0,0,0,2013,Pagi/6 hari,,2022/2023-2,Smartfren,450,2,0,0,2,0,0,3,0,2,0,0,0,0,2,0,1,1,1,0,0,1,0,0,0,0,2,0,0,2,0,0,0,0,0
Jawa Timur,Kota Probolinggo,Kedopok,https://sekolah.data.kemdikbud.go.id/index.php/Chome/profil/5AA0303D-2C4E-4BC3-8D6C-3C9D311D9893,https://referensi.data.kemdikbud.go.id/pendidikan/npsn/20559239,TK AULADINA,20559239,Jl. Bengawan Solo No. 82,SUMBER WETAN,KEC. KEDOPOK,KOTA PROBOLINGGO,PROV. JAWA TIMUR,SWASTA,TK,"Kementerian Pendidikan, Kebudayaan, Riset dan Teknologi",Yayasan NURULULUM,AE7376,AHU-0016706.AH.01.04.2015,13-10-2015,421.9/562/425.103/2020,10-02-2020,Lihat SK Operasional,2022-12-26 09,,384,1. Indosat IM3,2. -,PLN,,,tk.auladina12@gmail.com,,.000000000000,.000000000000,1,0,0,0,2013,Pagi/6 hari,,2022/2023-2,Indosat IM3,900,2,0,0,0,0,0,2,0,1,0,0,0,0,1,0,1,0,0,0,0,0,1,0,0,0,1,2,0,0,0,0,0,0,0
Jawa Timur,Kota Probolinggo,Kedopok,https://sekolah.data.kemdikbud.go.id/index.php/Chome/profil/6294ADDF-A135-4960-8D84-B22A61C3595C,https://referensi.data.kemdikbud.go.id/pendidikan/npsn/20557112,TK BAYUANGGA I,20557112,Jl. Durian No 14,SUMBER WETAN,KEC. KEDOPOK,KOTA PROBOLINGGO,PROV. JAWA TIMUR,SWASTA,TK,"Kementerian Pendidikan, Kebudayaan, Riset dan Teknologi",,,AHU-0028167.AH.01.04.2015,02-12-2015,412.9/186/425.103/2021,27-01-2021,Lihat SK Operasional,2021-06-14 10,C,0,1. Telkom Speedy,2. Indosat IM3,PLN,,,tkbyg1kdp@gmail.com,,.000000000000,.000000000000,3,0,0,0,2013,Pagi/6 hari,,2022/2023-2,Telkom Speedy,450,3,0,0,1,0,0,4,0,3,0,0,0,1,2,0,0,3,0,0,2,1,0,0,0,0,3,2,1,0,0,0,0,0,0
Jawa Timur,Kota Probolinggo,Kedopok,https://sekolah.data.kemdikbud.go.id/index.php/Chome/profil/BDC8CEC3-F58E-4F12-9B85-F041203977D1,https://referensi.data.kemdikbud.go.id/pendidikan/npsn/20557120,TK BAYUANGGA II,20557120,Jl. Mangga Perum Kademangan Permata Regency,SUMBER WETAN,KEC. KEDOPOK,KOTA PROBOLINGGO,PROV. JAWA TIMUR,SWASTA,TK,"Kementerian Pendidikan, Kebudayaan, Riset dan Teknologi",,,AHU-0028167.AH.01.04.2015,02-12-2015,421.9/733/425.103/2016,08-03-2016,Lihat SK Operasional,2023-03-09 14,B,200,1. -,2. Telkom Astinet,PLN,,,tkbayuangga2.prob@gmail.com,,.000000000000,.000000000000,1,0,0,0,2013,Pagi/6 hari,,2022/2023-2,Tidak Ada,900,0,0,0,1,0,0,2,0,1,0,0,0,0,1,0,0,1,0,0,1,0,0,0,0,0,1,0,0,0,3,0,0,0,0
Jawa Timur,Kota Probolinggo,Kedopok,https://sekolah.data.kemdikbud.go.id/index.php/Chome/profil/95D500F3-293B-47C9-8172-3B70F057D56C,https://referensi.data.kemdikbud.go.id/pendidikan/npsn/20559240,TK CERIA,20559240,GRIYA PRASAJA MULYA DD 15,KARENG LOR,KEC. KEDOPOK,KOTA PROBOLINGGO,PROV. JAWA TIMUR,SWASTA,TK,"Kementerian Pendidikan, Kebudayaan, Riset dan Teknologi",,,C-967.HT.01.02.TH.2006,03-04-2006,421.9/2129/425.103/2020,01-10-2020,Lihat SK Operasional,2021-07-28 12,B,0,1. Indosat Mentari,2. Indosat IM3,PLN,,,tkceriaprob77@gmail.com,,.000000000000,.000000000000,2,0,0,0,2013,Sehari Penuh/5 hari,,2022/2023-2,Indosat Mentari,900,0,0,0,0,0,0,3,0,2,0,0,0,0,2,0,2,0,0,1,1,0,0,0,0,1,1,0,0,0,2,0,0,0,0
Jawa Timur,Kota Probolinggo,Kedopok,https://sekolah.data.kemdikbud.go.id/index.php/Chome/profil/F8896884-098E-41EB-AED4-3BBCAEEFCB91,https://referensi.data.kemdikbud.go.id/pendidikan/npsn/69909912,TK DELIMA,69909912,Jl. KH. Abdul Hamid Gg. III,JREBENG LOR,KEC. KEDOPOK,KOTA PROBOLINGGO,PROV. JAWA TIMUR,SWASTA,TK,"Kementerian Pendidikan, Kebudayaan, Riset dan Teknologi",Yayasan DHARMA WANITA KOTA PROOBOLINGGO,AE7412,54/YDWP/Kt.Pb/XI/2013,11-10-2013,421.9/2796/425.103/2015,15-10-2015,Lihat SK Operasional,2015-10-16 07,Tidak Terakreditasi,42,1. -,2. -,PLN,,,tkdelimaprobolinggo123@gmail.com,,.000000000000,.000000000000,2,0,0,0,2013,Pagi/6 hari,,2022/2023-2,Tidak Ada,450,2,0,0,2,0,0,3,0,2,0,0,0,0,2,0,2,0,0,0,0,2,0,0,0,0,2,2,0,0,0,0,0,0,0
Jawa Timur,Kota Probolinggo,Kedopok,https://sekolah.data.kemdikbud.go.id/index.php/Chome/profil/6D8AB91D-41DF-4601-A1A6-43CEB89841B7,https://referensi.data.kemdikbud.go.id/pendidikan/npsn/20568438,TK ISLAM TERPADU PERMATA 2,20568438,JL. MASTRIP GG. NANAS NO. 1B,JREBENG WETAN,KEC. KEDOPOK,KOTA PROBOLINGGO,PROV. JAWA TIMUR,SWASTA,TK,"Kementerian Pendidikan, Kebudayaan, Riset dan Teknologi",YAYASAN AMANAH PROBOLINGGO,AB5413,AHU-0005486.AH.01.04.TAHUN 2015,15-04-2015,421.9/03/425.103/2021,04-01-2021,Lihat SK Operasional,2021-01-27 13,B,355,1. -,2. Telkom Speedy,PLN,,,tkitdua@gmail.com,,-7.779800000000,113.212900000000,9,0,0,0,2013,Sehari Penuh/6 hari,,2022/2023-2,Tidak Ada,"2,200",8,0,2,4,0,0,13,0,9,0,0,0,1,8,0,7,2,2,1,2,2,1,0,1,0,9,8,0,0,0,2,0,0,0
Jawa Timur,Kota Probolinggo,Kedopok,https://sekolah.data.kemdikbud.go.id/index.php/Chome/profil/F4ACF803-F6B6-4593-A2F5-F18E9475680F,https://referensi.data.kemdikbud.go.id/pendidikan/npsn/20557114,TK KEMUNING,20557114,Jl. Prof. Dr. Hamka No. 35,KARENG LOR,KEC. KEDOPOK,KOTA PROBOLINGGO,PROV. JAWA TIMUR,SWASTA,TK,"Kementerian Pendidikan, Kebudayaan, Riset dan Teknologi",,,AHU-0028167.AH.01.04.2015,02-12-2015,412.9/152/425.103/2021,22-01-2021,Lihat SK Operasional,2021-06-12 17,C,"1,500",1. Telkomsel Flash,2. Indosat IM3,PLN,,,tk.kemuningkarenglor@yahoo.com,,-7.783000000000,113.178068000000,2,0,0,0,2013,Pagi/6 hari,,2022/2023-2,Telkomsel Flash,450,2,0,0,0,0,0,3,0,2,0,0,0,0,2,0,1,1,1,0,0,1,0,0,0,0,2,2,0,0,0,0,0,0,0
Jawa Timur,Kota Probolinggo,Kedopok,https://sekolah.data.kemdikbud.go.id/index.php/Chome/profil/EBDBC165-6A54-4224-8036-94273580B6CD,https://referensi.data.kemdikbud.go.id/pendidikan/npsn/69980956,TK KENANGA,69980956,"JL. KH. ABDUL HAMID, RT 01 / RW 02, JREBENG LOR",JREBENG LOR,KEC. KEDOPOK,KOTA PROBOLINGGO,PROV. JAWA TIMUR,SWASTA,TK,"Kementerian Pendidikan, Kebudayaan, Riset dan Teknologi",,,59/SK/YBPB/VI/2018,06-06-2018,421.9/1707/425.103/2021,19-07-2021,Lihat SK Operasional,2021-08-22 11,,0,1. -,2. Indosat IM3,PLN,,,paudtkkenanga@yahoo.com,,-7.764500000000,113.218600000000,1,0,0,0,2013,Pagi/6 hari,,2022/2023-2,Tidak Ada,"1,300",2,0,0,0,0,0,1,0,1,0,0,0,1,0,0,0,1,0,0,0,1,0,0,0,0,1,0,2,0,0,0,0,0,0
Jawa Timur,Kota Probolinggo,Kedopok,https://sekolah.data.kemdikbud.go.id/index.php/Chome/profil/0FA4A4D0-B53B-4477-B94E-B99414DE99B2,https://referensi.data.kemdikbud.go.id/pendidikan/npsn/69836817,TK MUTIARA HATI,69836817,Jl. Amir Hamzah,JREBENG LOR,KEC. KEDOPOK,KOTA PROBOLINGGO,PROV. JAWA TIMUR,SWASTA,TK,"Kementerian Pendidikan, Kebudayaan, Riset dan Teknologi",Yayasan ROUDLOTUL IKHSAN PRBOLINGGO,AB5425,AHU-0016966.AH.01.04.2016,24-03-2016,421.9/595/425.103/2020,01-03-2020,Lihat SK Operasional,2021-10-21 08,,124,1. Telkomsel Flash,2. Telkomsel Flash,PLN,,,spsmutiarahatiprob@gmail.com,,-7.782200000000,113.221900000000,4,0,0,0,2013,Sehari Penuh/5 hari,,2022/2023-2,Telkomsel Flash,900,4,0,0,2,0,0,6,0,4,0,0,0,0,4,0,2,2,0,1,3,0,0,0,0,0,4,4,0,0,0,0,0,0,0
Jawa Timur,Kota Probolinggo,Kedopok,https://sekolah.data.kemdikbud.go.id/index.php/Chome/profil/0A628505-DB48-42DE-87C3-C2B248090DBA,https://referensi.data.kemdikbud.go.id/pendidikan/npsn/20557139,TK PELANGI,20557139,Jl. Bengawan Solo No. 20,JREBENG KULON,KEC. KEDOPOK,KOTA PROBOLINGGO,PROV. JAWA TIMUR,SWASTA,TK,"Kementerian Pendidikan, Kebudayaan, Riset dan Teknologi",,,AHU-0028167.AH.01.04.2015,02-12-2015,421.9/690/425.103/2016,04-03-2016,Lihat SK Operasional,2016-06-20 12,B,200,1. -,2. Lainnya,PLN,,,1tkpelangiprobolinggo@gmail.com,,-7.781531000000,113.206373000000,3,0,0,0,2013,Pagi/6 hari,,2022/2023-2,Tidak Ada,450,3,0,0,0,0,0,4,0,3,0,0,0,0,3,1,1,1,1,0,0,1,1,0,0,0,3,3,0,0,0,0,0,0,0
Jawa Timur,Kota Probolinggo,Kedopok,https://sekolah.data.kemdikbud.go.id/index.php/Chome/profil/B130B9CE-05A1-47E2-9C9D-949C9BDBD79A,https://referensi.data.kemdikbud.go.id/pendidikan/npsn/69893393,TK PERMATA HATI,69893393,Jl. Bengawan Solo No. 15,JREBENG WETAN,KEC. KEDOPOK,KOTA PROBOLINGGO,PROV. JAWA TIMUR,SWASTA,TK,"Kementerian Pendidikan, Kebudayaan, Riset dan Teknologi",,,AHU-0028167.AH.01.04.2015,02-12-2015,421.9/712/425.103/2021,23-03-2021,Lihat SK Operasional,2021-06-11 16,C,60,1. -,2. -,PLN,,,,,.000000000000,.000000000000,1,0,0,0,2013,Pagi/6 hari,,2022/2023-2,Tidak Ada,450,2,0,0,0,0,0,1,0,1,0,0,0,0,1,0,1,0,0,0,1,0,0,0,0,0,1,2,0,0,0,0,0,0,0
Jawa Timur,Kota Probolinggo,Kedopok,https://sekolah.data.kemdikbud.go.id/index.php/Chome/profil/2F7B8E31-9E76-4B81-9F39-3DB21DF7D1FA,https://referensi.data.kemdikbud.go.id/pendidikan/npsn/20557147,TK PERTIWI I,20557147,JL. SUNAN AMPEL,JREBENG LOR,KEC. KEDOPOK,KOTA PROBOLINGGO,PROV. JAWA TIMUR,SWASTA,TK,"Kementerian Pendidikan, Kebudayaan, Riset dan Teknologi",,,46/104.8/1987,11-07-1987,421.9/369/425.103/2014,13-02-2014,Lihat SK Operasional,2015-12-01 06,B,0,1. -,2. -,PLN,,,pertiwi1tk@yahoo.co.id,,-7.780404000000,113.223362000000,1,0,0,0,2013,Pagi/6 hari,,2022/2023-2,Tidak Ada,0,2,0,0,1,0,0,2,0,1,0,0,0,0,1,1,0,0,0,0,0,1,0,0,0,0,1,0,2,0,0,0,0,0,0
Jawa Timur,Kota Probolinggo,Kedopok,https://sekolah.data.kemdikbud.go.id/index.php/Chome/profil/43BF0E13-9CC0-4510-8A1E-E41D0AB7A150,https://referensi.data.kemdikbud.go.id/pendidikan/npsn/20557149,TK PERTIWI II,20557149,Jl. Ir. Sutami No. 105,JREBENG LOR,KEC. KEDOPOK,KOTA PROBOLINGGO,PROV. JAWA TIMUR,SWASTA,TK,"Kementerian Pendidikan, Kebudayaan, Riset dan Teknologi",,,AHU-0028167.AH.01.04.2015,02-12-2015,421.9/738/425.103/2016,08-03-2016,Lihat SK Operasional,2016-06-20 12,C,0,1. -,2. Telkom Speedy,PLN,,,tk.Pertiwi2irSutami@gmail.com,,-5.443757000000,114.421127000000,2,0,0,0,2013,Pagi/6 hari,,2022/2023-2,Tidak Ada,900,2,0,0,0,0,0,3,0,2,0,0,0,0,2,1,0,1,0,1,0,1,0,0,0,0,2,2,0,0,0,0,0,0,0
Jawa Timur,Kota Probolinggo,Kedopok,https://sekolah.data.kemdikbud.go.id/index.php/Chome/profil/CB7A700D-99D5-4444-A966-48704366818B,https://referensi.data.kemdikbud.go.id/pendidikan/npsn/69985219,TK PGRI KEDOPOK,69985219,Jln. Kedondong RT.06 / RW.01,KARENG LOR,KEC. KEDOPOK,KOTA PROBOLINGGO,PROV. JAWA TIMUR,SWASTA,TK,"Kementerian Pendidikan, Kebudayaan, Riset dan Teknologi",Yayasan Perwakil YPLP PGRI Kabupaten Probolinggo,AB2971,AHU-6629.AH.01.04.TAHUN 2013,21-10-2013,421.9/210/425.103/2019,24-01-2019,Lihat SK Operasional,2019-02-07 09,,0,1. -,2. Telkomsel Flash,PLN,,,,,.000000000000,.000000000000,1,0,0,0,2013,Pagi/6 hari,,2022/2023-2,Tidak Ada,450,2,0,0,0,0,0,1,0,1,0,0,0,1,0,0,1,0,0,0,1,0,0,0,0,0,1,2,0,0,0,0,0,0,0
Jawa Timur,Kota Probolinggo,Kedopok,https://sekolah.data.kemdikbud.go.id/index.php/Chome/profil/86F7FBCB-CFCE-4B00-93C2-73ED6611F9F6,https://referensi.data.kemdikbud.go.id/pendidikan/npsn/20574687,TK PLUS WAHIDIYAH,20574687,Jl. Mastrip Gg. Melon No. 175B,JREBENG WETAN,KEC. KEDOPOK,KOTA PROBOLINGGO,PROV. JAWA TIMUR,SWASTA,TK,"Kementerian Pendidikan, Kebudayaan, Riset dan Teknologi",Yayasan PERJUANGAN WAHIDIYAH DAN PONDOK PESANTREN KEDUNGLO KEDIRI,AL9114,AHU-9371.AH.01.04.2011,30-12-2011,421.9/1026/425.103/2021,15-03-2021,Lihat SK Operasional,2021-06-12 11,,0,1. Telkom Speedy,2. Telkomsel Flash,PLN,,,tk.pluswahidiyah@yahoo.com,,.000000000000,.000000000000,3,0,0,0,2013,Sehari Penuh/5 hari,,2022/2023-2,Telkom Speedy,900,2,0,0,2,0,0,4,0,3,0,0,0,0,3,0,0,3,0,1,1,0,1,0,0,0,3,0,2,0,0,0,0,0,0
Jawa Timur,Kota Probolinggo,Kedopok,https://sekolah.data.kemdikbud.go.id/index.php/Chome/profil/F6CFEA06-FBA5-40E1-8C91-4FC72437256B,https://referensi.data.kemdikbud.go.id/pendidikan/npsn/20557163,TK SABILUL MUTTAQIN,20557163,JL. SUNAN AMPEL NO. 21,JREBENG LOR,KEC. KEDOPOK,KOTA PROBOLINGGO,PROV. JAWA TIMUR,SWASTA,TK,"Kementerian Pendidikan, Kebudayaan, Riset dan Teknologi",,,01/YSM/SKEP/I/2006,16-01-2006,421.9/2994/425.103/2015,30-10-2015,Lihat SK Operasional,2015-11-03 07,,486,1. Lainnya (Wavelan),2. Smartfren,PLN,,,sabilulmuttaqin20@gmail.com,,-7.780763000000,113.226728000000,2,0,0,0,2013,Pagi/6 hari,,2022/2023-2,Lainnya (Wavelan),900,3,0,0,2,0,0,3,0,2,0,0,0,1,1,0,1,1,1,0,0,1,0,0,0,0,2,3,0,0,0,0,0,0,0
Jawa Timur,Kota Probolinggo,Kedopok,https://sekolah.data.kemdikbud.go.id/index.php/Chome/profil/7B4DCB6F-AFF2-4D77-96B7-3B82F8CB5EED,https://referensi.data.kemdikbud.go.id/pendidikan/npsn/20557151,TK SINAR HARAPAN,20557151,Jl. Mastrip No. 20,KEDOPOK,KEC. KEDOPOK,KOTA PROBOLINGGO,PROV. JAWA TIMUR,SWASTA,TK,"Kementerian Pendidikan, Kebudayaan, Riset dan Teknologi",,,AHU-0028167.AH.01.04.2015,02-12-2015,412.9/54/425.103/2021,11-01-2021,Lihat SK Operasional,2021-06-11 13,C,450,1. Telkomsel Flash,2. Lainnya,PLN,,,urfiani25@yahoo.com,,-7.787500000000,113.212800000000,4,0,0,0,2013,Pagi/6 hari,,2022/2023-2,Telkomsel Flash,900,4,0,0,1,0,0,4,0,4,0,0,0,3,1,1,3,0,0,0,1,0,2,1,0,0,4,0,3,1,0,0,0,0,0
Jawa Timur,Kota Probolinggo,Kedopok,https://sekolah.data.kemdikbud.go.id/index.php/Chome/profil/66421163-9040-4655-AC0A-53B1AD5EB350,https://referensi.data.kemdikbud.go.id/pendidikan/npsn/69893311,TK TERPADU MUTIARA ALAM,69893311,Jl. Mastrip No. 100 Kota Probolinggo,KEDOPOK,KEC. KEDOPOK,KOTA PROBOLINGGO,PROV. JAWA TIMUR,SWASTA,TK,"Kementerian Pendidikan, Kebudayaan, Riset dan Teknologi",Yayasan Lembaga Penyelenggaraan Pendidikan Mutiara Alam,AO1455,AHU-0020178.AH.01.04.Tahun 2015,05-09-2013,421.9/3103/425.103/2015,10-07-2014,Lihat SK Operasional,2015-11-16 02,,"123,904",1. Telkomsel Flash,2. -,PLN,,,mutiara.alam.prob@gmail.com,,-7.779450000000,113.212650000000,2,0,0,0,2013,Pagi/6 hari,,2022/2023-2,Telkomsel Flash,900,2,0,0,0,0,0,2,0,2,0,0,0,0,2,0,0,2,1,0,0,0,0,1,0,0,2,2,0,0,0,0,0,0,0
Jawa Timur,Kota Probolinggo,Kedopok,https://sekolah.data.kemdikbud.go.id/index.php/Chome/profil/8EABF4F5-AC90-4AF4-9F1C-112CE5D61B08,https://referensi.data.kemdikbud.go.id/pendidikan/npsn/20557150,TK TUNAS MUDA,20557150,JL. SUNAN BONANG NO. 333,JREBENG WETAN,KEC. KEDOPOK,KOTA PROBOLINGGO,PROV. JAWA TIMUR,SWASTA,TK,"Kementerian Pendidikan, Kebudayaan, Riset dan Teknologi",,,AHU-0028167.AH.01.04.2015,02-12-2015,421.9/133/425.103/2016,21-01-2016,Lihat SK Operasional,2016-06-20 11,B,165,1. -,2. Telkom Speedy,PLN,,,tktunasmuda333@gmail.com,,-7.782772000000,113.215227000000,3,0,0,0,2013,Pagi/6 hari,,2022/2023-2,Tidak Ada,449,2,0,0,0,0,0,4,0,3,0,0,0,0,3,1,1,1,0,0,0,1,1,1,0,0,3,0,0,2,2,0,0,0,0
Jawa Timur,Kota Probolinggo,Kedopok,https://sekolah.data.kemdikbud.go.id/index.php/Chome/profil/E59F806D-E2C6-496B-8A97-C167A0F38C74,https://referensi.data.kemdikbud.go.id/pendidikan/npsn/69836801,TPA CERIA,69836801,Griya Prasaja Mulya Blok DD No. 09,KARENG LOR,KEC. KEDOPOK,KOTA PROBOLINGGO,PROV. JAWA TIMUR,SWASTA,TPA,"Kementerian Pendidikan, Kebudayaan, Riset dan Teknologi",Yayasan Tunas Asri,AE7056,C-697.HT.01.02.TH 2006,03-04-2006,421.9/2535/425.103/2015,18-09-2015,Lihat SK Operasional,2016-10-05 09,Belum Terakreditasi,84,1. Indosat Mentari,2. Indosat IM3,PLN,,,tpaceriaprob77@gmail.com,,.000000000000,.000000000000,2,0,0,0,2013,Sehari Penuh/6 hari,,2022/2023-2,Indosat Mentari,900,0,0,0,1,0,0,3,0,2,0,0,0,0,2,0,1,1,0,1,0,1,0,0,0,0,2,0,0,0,2,0,0,0,0
Jawa Timur,Kota Probolinggo,Kedopok,https://sekolah.data.kemdikbud.go.id/index.php/Chome/profil/60746AAB-227A-4CAD-8248-37528192AFBB,https://referensi.data.kemdikbud.go.id/pendidikan/npsn/69836802,TPA IT PERMATA 2,69836802,Jl. Mastrip Gang Nanas No. 1,JREBENG WETAN,KEC. KEDOPOK,KOTA PROBOLINGGO,PROV. JAWA TIMUR,SWASTA,TPA,"Kementerian Pendidikan, Kebudayaan, Riset dan Teknologi",YAYASAN AMANAH PROBOLINGGO,AB5413,AHU-0005486.AH.01.04/2015,15-04-2015,421.9/305/425.103/2021,09-01-2021,Lihat SK Operasional,2021-03-26 11,B,360,1. -,2. Telkom Speedy,PLN,,,tpatbit_permata2@yahoo.com,,-7.781921000000,113.212384000000,3,0,0,0,2013,Sore/6 hari,,2022/2023-2,Tidak Ada,"1,300",4,0,0,2,0,0,2,2,3,0,0,0,0,3,0,0,3,3,0,0,0,0,0,0,0,3,4,0,0,0,0,0,0,0
Jawa Timur,Kota Probolinggo,Kedopok,https://sekolah.data.kemdikbud.go.id/index.php/Chome/profil/D1AB9A72-3AD6-41C9-8EB3-3FE35D69FA57,https://referensi.data.kemdikbud.go.id/pendidikan/npsn/69919037,TPA YAA BUNAYYA,69919037,Jl. Porong No. 20,SUMBER WETAN,KEC. KEDOPOK,KOTA PROBOLINGGO,PROV. JAWA TIMUR,SWASTA,TPA,"Kementerian Pendidikan, Kebudayaan, Riset dan Teknologi",,,AHU-00015.50.102014,26-03-2014,421.9/3492/425.103/2016,15-11-2016,Lihat SK Operasional,2017-03-10 15,,200,1. Telkomsel Flash,2. Telkom Speedy,PLN,,,tpayaabunayya00@gmail.com,,.000000000000,.000000000000,2,0,0,0,2013,Sehari Penuh/6 hari,,2022/2023-2,Telkomsel Flash,900,2,0,1,1,0,0,3,0,2,0,0,0,0,2,0,0,2,0,0,2,0,0,0,0,0,2,0,0,2,0,0,1,0,0
